insert into LOCATION (id, name, addressline_1, addressline_2, city, state, country, post_code, lattitude, longitude, last_updatedtime) values                        ('39b8931f-9b41-4cf0-b431-c83809209b32', 'ChurchStreet Branch', '122, BVK Street', 'New building, Church Street', 'Bengaluru', 'Karnataka', 'India', '560012', '12.97495', '77.60946', '2023-08-07 17:02:31.691');
insert into LOCATION (id, name, addressline_1, addressline_2, city, state, country, post_code, lattitude, longitude, last_updatedtime) values                        ('20633d7b-bd33-4ceb-90bc-f174450cd888', 'FLD Heights', '212, RR Street', 'FLD Glucon complex', 'Bengaluru', 'Karnataka', 'India', '560022', '12.97495', '77.60946', '2023-08-07 17:02:31.691');
insert into LOCATION (id, name, addressline_1, addressline_2, city, state, country, post_code, lattitude, longitude, last_updatedtime) values                        ('7c37710d-e0be-402c-801b-533408b55ed7', 'Beacon Towers', '121, MG Road', 'Beacon Towers', 'Bengaluru', 'Karnataka', 'India', '560021', '12.97495', '77.60946', '2023-08-07 17:02:31.691');
insert into LOCATION (id, name, addressline_1, addressline_2, city, state, country, post_code, lattitude, longitude, last_updatedtime) values                        ('6ae27ebe-7a3a-4a88-a141-b294bfc2897b', 'DM Crown', '321, DM Road', 'Cleo Dome', 'Bengaluru', 'Karnataka', 'India', '560101', '12.97495', '77.60946', '2023-08-07 17:02:31.691');
insert into LOCATION (id, name, addressline_1, addressline_2, city, state, country, post_code, lattitude, longitude, last_updatedtime) values                        ('4575b55e-7b5e-4d11-ac88-fc5543a04845', 'BGYes Apolo', '321, BGS Road', 'Namaste Building', 'Bengaluru', 'Karnataka', 'India', '560059', '12.97495', '77.60946', '2023-08-07 17:02:31.691');
insert into FACILITY (id, name, location_id, type, last_updatedtime) values                        ('fa223ff9-6597-4743-bd51-6045663696f4', 'Polygon clinic', '20633d7b-bd33-4ceb-90bc-f174450cd888', 'Clinic', '2023-08-07 17:02:31.691');
insert into FACILITY (id, name, location_id, type, last_updatedtime) values                        ('781bdb23-96ef-4a24-89bb-cc11201ad8e6', 'Apolo Hospitals', '7c37710d-e0be-402c-801b-533408b55ed7', 'Hospital', '2023-08-07 17:02:31.691');
insert into FACILITY (id, name, location_id, type, last_updatedtime) values                        ('97c9965f-76b8-4b42-a413-475b1182e356', 'Fortease Network', '7c37710d-e0be-402c-801b-533408b55ed7', 'Hospital', '2023-08-07 17:02:31.691');
insert into FACILITY (id, name, location_id, type, last_updatedtime) values                        ('4668a0d0-a2ad-4d5a-99c8-18a2a4bf3dff', 'Mannippal Network', '6ae27ebe-7a3a-4a88-a141-b294bfc2897b', 'Hospital', '2023-08-07 17:02:31.691');
insert into FACILITY (id, name, location_id, type, last_updatedtime) values                        ('b3bdd554-de49-4f2c-8072-49128f56a89d', 'Manassa Clnic', '20633d7b-bd33-4ceb-90bc-f174450cd888', 'Clinic', '2023-08-07 17:02:31.691');
insert into PATIENT (id, given_name, first_name, last_name, email, gender, sex, race, mothers_maiden_name, birth_date, disability_adj_yrs, quality_adj_yrs , isMarried, phone_number, language, abha_number, mrn, dl_number, passport_number, registered_on, registered_At, is_deceased, last_updatedtime) values                        ('c5b24186-86a8-4866-b009-afb92ad15f00', 'GivenName-0', 'FirstName-0', 'LastName-0', 'FirstName-0@gnail.com', 'M', 'M', 'Indian', 'MothersName-0', '1972-02-10', 76, 67, 'Y', '+919388200000', 'English', 'ABHA-0d1d767c-aa95-4cc2-b580-d0154ce7e0c5', 'MRN-e5900a7d-add8-46e8-882b-59bfb78cd879', 'DL-de0514d9-524f-426a-bfd2-921a0e2d1c24', 'PP-ca183f89-104b-460d-9213-d54957d04dab', '2023-08-07 17:02:31.691', '4668a0d0-a2ad-4d5a-99c8-18a2a4bf3dff', 'F', '2023-08-07 17:02:31.691');
insert into PATIENT (id, given_name, first_name, last_name, email, gender, sex, race, mothers_maiden_name, birth_date, disability_adj_yrs, quality_adj_yrs , isMarried, phone_number, language, abha_number, mrn, dl_number, passport_number, registered_on, registered_At, is_deceased, last_updatedtime) values                        ('c4dd2082-43f6-49e4-a1f5-1823eff0563c', 'GivenName-1', 'FirstName-1', 'LastName-1', 'FirstName-1@gnail.com', 'M', 'M', 'Indian', 'MothersName-1', '1976-04-26', 76, 65, 'Y', '+919388200000', 'English', 'ABHA-74558ba0-d99a-4e82-8df8-9fe7a6c4c377', 'MRN-e675ec96-abd0-49c5-a6fa-f01403bce43f', 'DL-7f870b1f-9461-41bf-aa76-88e29712a1f1', 'PP-ad4838e0-c8b1-4100-9dea-ddc73c97845d', '2023-08-07 17:02:31.691', 'fa223ff9-6597-4743-bd51-6045663696f4', 'F', '2023-08-07 17:02:31.691');
insert into PATIENT (id, given_name, first_name, last_name, email, gender, sex, race, mothers_maiden_name, birth_date, disability_adj_yrs, quality_adj_yrs , isMarried, phone_number, language, abha_number, mrn, dl_number, passport_number, registered_on, registered_At, is_deceased, last_updatedtime) values                        ('f9683d47-3ef9-40a0-ba45-8405fbd3fe04', 'GivenName-2', 'FirstName-2', 'LastName-2', 'FirstName-2@gnail.com', 'M', 'M', 'Indian', 'MothersName-2', '1970-04-17', 78, 68, 'Y', '+919388200000', 'English', 'ABHA-4329fae8-428c-491a-8312-f2d24765f534', 'MRN-56411755-ebb8-4990-8192-f4014edc288e', 'DL-4b0a6a95-f983-4c80-be29-eff284d85b70', 'PP-01564bee-32c6-41c4-9355-0d4334d2bed9', '2023-08-07 17:02:31.691', 'fa223ff9-6597-4743-bd51-6045663696f4', 'F', '2023-08-07 17:02:31.691');
insert into PATIENT (id, given_name, first_name, last_name, email, gender, sex, race, mothers_maiden_name, birth_date, disability_adj_yrs, quality_adj_yrs , isMarried, phone_number, language, abha_number, mrn, dl_number, passport_number, registered_on, registered_At, is_deceased, last_updatedtime) values                        ('7990b3a6-93a3-47d8-ba63-810c9a704f19', 'GivenName-3', 'FirstName-3', 'LastName-3', 'FirstName-3@gnail.com', 'M', 'M', 'Indian', 'MothersName-3', '1971-02-06', 77, 66, 'Y', '+919388200000', 'English', 'ABHA-f1cce967-6718-4c70-8671-425aabb85948', 'MRN-4fb44d93-760d-429b-a377-711c7b661dc4', 'DL-1ceef0fa-e4aa-49e8-90f4-dcb254907dc8', 'PP-3f467560-4cf7-400d-8332-411543c4d98e', '2023-08-07 17:02:31.691', '97c9965f-76b8-4b42-a413-475b1182e356', 'F', '2023-08-07 17:02:31.691');
insert into PATIENT (id, given_name, first_name, last_name, email, gender, sex, race, mothers_maiden_name, birth_date, disability_adj_yrs, quality_adj_yrs , isMarried, phone_number, language, abha_number, mrn, dl_number, passport_number, registered_on, registered_At, is_deceased, last_updatedtime) values                        ('cfa89339-07e6-49b7-96d7-b2b5e7377de8', 'GivenName-4', 'FirstName-4', 'LastName-4', 'FirstName-4@gnail.com', 'M', 'M', 'Indian', 'MothersName-4', '1970-09-22', 79, 65, 'Y', '+919388200000', 'English', 'ABHA-b63d5782-f43e-41ef-9841-c638ff2b6829', 'MRN-46f2df9d-df48-4b07-adb1-cfca8bd2ae1b', 'DL-e8e81f3e-e7bc-44ec-bbb5-e490ed469b91', 'PP-fb551202-514b-4fd1-97e6-4095028b6370', '2023-08-07 17:02:31.691', 'fa223ff9-6597-4743-bd51-6045663696f4', 'F', '2023-08-07 17:02:31.691');
insert into PATIENT (id, given_name, first_name, last_name, email, gender, sex, race, mothers_maiden_name, birth_date, disability_adj_yrs, quality_adj_yrs , isMarried, phone_number, language, abha_number, mrn, dl_number, passport_number, registered_on, registered_At, is_deceased, last_updatedtime) values                        ('e7b0c787-1d7e-4cee-976a-eb008658b4af', 'GivenName-5', 'FirstName-5', 'LastName-5', 'FirstName-5@gnail.com', 'M', 'M', 'Indian', 'MothersName-5', '1970-05-06', 75, 68, 'Y', '+919388200000', 'English', 'ABHA-14b37b27-77bd-41ca-ae4b-4f412120072f', 'MRN-553c9c5c-660b-4007-855d-64123d299fe0', 'DL-656225f9-904e-451c-8129-2b7be4d2970a', 'PP-2e052fe8-6e86-4a14-8655-df3553f2efba', '2023-08-07 17:02:31.691', 'fa223ff9-6597-4743-bd51-6045663696f4', 'F', '2023-08-07 17:02:31.691');
insert into PATIENT (id, given_name, first_name, last_name, email, gender, sex, race, mothers_maiden_name, birth_date, disability_adj_yrs, quality_adj_yrs , isMarried, phone_number, language, abha_number, mrn, dl_number, passport_number, registered_on, registered_At, is_deceased, last_updatedtime) values                        ('96656d46-eace-46e6-9294-895f2a9c23e3', 'GivenName-6', 'FirstName-6', 'LastName-6', 'FirstName-6@gnail.com', 'M', 'M', 'Indian', 'MothersName-6', '1977-07-11', 78, 68, 'Y', '+919388200000', 'English', 'ABHA-b46d8211-5897-407c-af86-a8b966f5bcae', 'MRN-aefb3a90-3d39-400c-8aaf-2e8c9fea5d39', 'DL-1f46c6b8-8997-4d25-9e84-323a5e032139', 'PP-af2324e4-6bdc-4608-a7d1-147cdde178ce', '2023-08-07 17:02:31.691', '4668a0d0-a2ad-4d5a-99c8-18a2a4bf3dff', 'F', '2023-08-07 17:02:31.691');
insert into PATIENT (id, given_name, first_name, last_name, email, gender, sex, race, mothers_maiden_name, birth_date, disability_adj_yrs, quality_adj_yrs , isMarried, phone_number, language, abha_number, mrn, dl_number, passport_number, registered_on, registered_At, is_deceased, last_updatedtime) values                        ('3145f539-7f31-4a16-ad78-f167b5866e49', 'GivenName-7', 'FirstName-7', 'LastName-7', 'FirstName-7@gnail.com', 'M', 'M', 'Indian', 'MothersName-7', '1975-08-19', 79, 67, 'Y', '+919388200000', 'English', 'ABHA-fe6f3e99-d940-4d62-b057-d1c4e43b3cbe', 'MRN-d01302e0-8c16-42c0-b9b1-5df966ea56ab', 'DL-e94dc9bd-9765-4014-9b01-fefec700e015', 'PP-77d1ddaf-0714-45cf-b113-0937649d15d4', '2023-08-07 17:02:31.691', 'fa223ff9-6597-4743-bd51-6045663696f4', 'F', '2023-08-07 17:02:31.691');
insert into PATIENT (id, given_name, first_name, last_name, email, gender, sex, race, mothers_maiden_name, birth_date, disability_adj_yrs, quality_adj_yrs , isMarried, phone_number, language, abha_number, mrn, dl_number, passport_number, registered_on, registered_At, is_deceased, last_updatedtime) values                        ('e6c19fa9-edf9-4ff4-bd97-29d8bdde8889', 'GivenName-8', 'FirstName-8', 'LastName-8', 'FirstName-8@gnail.com', 'M', 'M', 'Indian', 'MothersName-8', '1971-06-19', 76, 68, 'Y', '+919388200000', 'English', 'ABHA-601c2cec-2415-430b-ac27-32397878e78f', 'MRN-85308808-753d-4e05-9093-5898217808e3', 'DL-1bb6805a-e77a-455d-835c-4c149884b76c', 'PP-f722c16f-2917-4947-bce3-8366c025d940', '2023-08-07 17:02:31.691', '4668a0d0-a2ad-4d5a-99c8-18a2a4bf3dff', 'F', '2023-08-07 17:02:31.691');
insert into PATIENT (id, given_name, first_name, last_name, email, gender, sex, race, mothers_maiden_name, birth_date, disability_adj_yrs, quality_adj_yrs , isMarried, phone_number, language, abha_number, mrn, dl_number, passport_number, registered_on, registered_At, is_deceased, last_updatedtime) values                        ('fc5731ed-8cb9-4add-8491-52f5c774e379', 'GivenName-9', 'FirstName-9', 'LastName-9', 'FirstName-9@gnail.com', 'M', 'M', 'Indian', 'MothersName-9', '1976-06-13', 75, 66, 'Y', '+919388200000', 'English', 'ABHA-df099842-ba1c-4dda-abce-bc2ebac0b777', 'MRN-b8325e7f-c199-45e3-9244-b0e05cb629a9', 'DL-e1935f28-e8a2-4bd8-97c5-13426c7a1ca6', 'PP-cbf56cb2-8773-45d5-ae73-406e507337bb', '2023-08-07 17:02:31.691', '781bdb23-96ef-4a24-89bb-cc11201ad8e6', 'F', '2023-08-07 17:02:31.691');
insert into PATIENT (id, given_name, first_name, last_name, email, gender, sex, race, mothers_maiden_name, birth_date, disability_adj_yrs, quality_adj_yrs , isMarried, phone_number, language, abha_number, mrn, dl_number, passport_number, registered_on, registered_At, is_deceased, last_updatedtime) values                        ('ad5f4596-88f5-44c0-a492-458a55eecc85', 'GivenName-10', 'FirstName-10', 'LastName-10', 'FirstName-10@gnail.com', 'M', 'M', 'Indian', 'MothersName-10', '1973-04-19', 76, 69, 'Y', '+919388200000', 'English', 'ABHA-43655193-dd4d-4127-b213-a43dd80882cf', 'MRN-702352cf-458a-48c8-9520-2386239733ca', 'DL-397bda5b-2cee-4a65-9e89-6c92b2d9dd22', 'PP-4fa58fb3-39ee-42e7-8ffd-87f1ad47cf02', '2023-08-07 17:02:31.691', '781bdb23-96ef-4a24-89bb-cc11201ad8e6', 'F', '2023-08-07 17:02:31.691');
insert into PATIENT (id, given_name, first_name, last_name, email, gender, sex, race, mothers_maiden_name, birth_date, disability_adj_yrs, quality_adj_yrs , isMarried, phone_number, language, abha_number, mrn, dl_number, passport_number, registered_on, registered_At, is_deceased, last_updatedtime) values                        ('ba956a16-2160-4ccf-9770-da089f5fd5a4', 'GivenName-11', 'FirstName-11', 'LastName-11', 'FirstName-11@gnail.com', 'M', 'M', 'Indian', 'MothersName-11', '1970-12-06', 79, 67, 'Y', '+919388200000', 'English', 'ABHA-1eb3da48-e32f-4346-a9ec-d442f904e011', 'MRN-8bb32b74-403e-4d60-9071-63ac36e06867', 'DL-6cb36867-a99a-43f7-a3f7-9d8d7688b5cf', 'PP-a8f1c8a9-9d2b-437a-bf70-815d92602f73', '2023-08-07 17:02:31.691', '781bdb23-96ef-4a24-89bb-cc11201ad8e6', 'F', '2023-08-07 17:02:31.691');
insert into PATIENT (id, given_name, first_name, last_name, email, gender, sex, race, mothers_maiden_name, birth_date, disability_adj_yrs, quality_adj_yrs , isMarried, phone_number, language, abha_number, mrn, dl_number, passport_number, registered_on, registered_At, is_deceased, last_updatedtime) values                        ('0c69df76-3e82-46c8-b071-de1e142982ea', 'GivenName-12', 'FirstName-12', 'LastName-12', 'FirstName-12@gnail.com', 'M', 'M', 'Indian', 'MothersName-12', '1978-03-02', 78, 68, 'Y', '+919388200000', 'English', 'ABHA-fddae4be-7b99-44e9-a12d-cdc62aff1cc9', 'MRN-3b951a7d-4c02-41cd-93f1-ef1fd5e7b1a0', 'DL-4e42d872-fd64-45f0-82c7-1248ce9ef85c', 'PP-0d6d1bf7-fd73-4423-9d8e-08599eaa8587', '2023-08-07 17:02:31.691', '4668a0d0-a2ad-4d5a-99c8-18a2a4bf3dff', 'F', '2023-08-07 17:02:31.691');
insert into PATIENT (id, given_name, first_name, last_name, email, gender, sex, race, mothers_maiden_name, birth_date, disability_adj_yrs, quality_adj_yrs , isMarried, phone_number, language, abha_number, mrn, dl_number, passport_number, registered_on, registered_At, is_deceased, last_updatedtime) values                        ('4f7364ce-7e8c-4642-b012-6fe62b9552ea', 'GivenName-13', 'FirstName-13', 'LastName-13', 'FirstName-13@gnail.com', 'M', 'M', 'Indian', 'MothersName-13', '1971-09-29', 75, 67, 'Y', '+919388200000', 'English', 'ABHA-89a2cd0f-cc16-409e-9911-66c9fb96564e', 'MRN-bb1ec32f-bb0b-4d17-8442-a96b7647c603', 'DL-48b264b3-2d00-48f0-9202-1383d7f4b2c4', 'PP-b475e5e3-5562-4c6f-bdd9-a9eba4addc7a', '2023-08-07 17:02:31.691', 'fa223ff9-6597-4743-bd51-6045663696f4', 'F', '2023-08-07 17:02:31.691');
insert into PATIENT (id, given_name, first_name, last_name, email, gender, sex, race, mothers_maiden_name, birth_date, disability_adj_yrs, quality_adj_yrs , isMarried, phone_number, language, abha_number, mrn, dl_number, passport_number, registered_on, registered_At, is_deceased, last_updatedtime) values                        ('b69e3fa7-039f-4f8e-befe-4301473c7973', 'GivenName-14', 'FirstName-14', 'LastName-14', 'FirstName-14@gnail.com', 'M', 'M', 'Indian', 'MothersName-14', '1977-03-16', 78, 66, 'Y', '+919388200000', 'English', 'ABHA-8c3871dc-6f31-4037-b125-5e2b3c54a7cb', 'MRN-95678f3e-4e2a-41af-bc7f-48d049ac9b18', 'DL-f9f69b92-b89f-4513-9777-6c868037fb44', 'PP-9f573f34-0fbd-4483-9d7e-e264495e46db', '2023-08-07 17:02:31.691', '4668a0d0-a2ad-4d5a-99c8-18a2a4bf3dff', 'F', '2023-08-07 17:02:31.691');
insert into PATIENT (id, given_name, first_name, last_name, email, gender, sex, race, mothers_maiden_name, birth_date, disability_adj_yrs, quality_adj_yrs , isMarried, phone_number, language, abha_number, mrn, dl_number, passport_number, registered_on, registered_At, is_deceased, last_updatedtime) values                        ('f764fddf-80fc-4eef-89d3-d4b78e3b2a19', 'GivenName-15', 'FirstName-15', 'LastName-15', 'FirstName-15@gnail.com', 'M', 'M', 'Indian', 'MothersName-15', '1979-05-06', 77, 67, 'Y', '+919388200000', 'English', 'ABHA-9932c13b-a445-48ee-958a-d0f5cc1df2ee', 'MRN-a90661f4-b5a3-469e-bd3d-4b6d49403583', 'DL-1038dc4e-89aa-4b68-ab44-7b6cd4b6fb4f', 'PP-b3194570-f15d-40f4-a2f4-5b4f2bd79bd5', '2023-08-07 17:02:31.691', '97c9965f-76b8-4b42-a413-475b1182e356', 'F', '2023-08-07 17:02:31.691');
insert into PATIENT (id, given_name, first_name, last_name, email, gender, sex, race, mothers_maiden_name, birth_date, disability_adj_yrs, quality_adj_yrs , isMarried, phone_number, language, abha_number, mrn, dl_number, passport_number, registered_on, registered_At, is_deceased, last_updatedtime) values                        ('41f36d23-6915-40b9-bca5-62c8c5b2988d', 'GivenName-16', 'FirstName-16', 'LastName-16', 'FirstName-16@gnail.com', 'M', 'M', 'Indian', 'MothersName-16', '1978-02-04', 75, 67, 'Y', '+919388200000', 'English', 'ABHA-24966f49-ba77-404a-a87c-f940fd2cbf7b', 'MRN-65a21dbd-7497-4f2b-bcac-9c8056dcf896', 'DL-0e04c4cc-5ec3-46c9-bd09-9a8b41ece988', 'PP-e48b11e5-24c1-41ff-9cfb-a5a46aec0d47', '2023-08-07 17:02:31.691', '4668a0d0-a2ad-4d5a-99c8-18a2a4bf3dff', 'F', '2023-08-07 17:02:31.691');
insert into PATIENT (id, given_name, first_name, last_name, email, gender, sex, race, mothers_maiden_name, birth_date, disability_adj_yrs, quality_adj_yrs , isMarried, phone_number, language, abha_number, mrn, dl_number, passport_number, registered_on, registered_At, is_deceased, last_updatedtime) values                        ('90464c71-4871-4f86-9e74-56d86ef4c47f', 'GivenName-17', 'FirstName-17', 'LastName-17', 'FirstName-17@gnail.com', 'M', 'M', 'Indian', 'MothersName-17', '1978-06-09', 79, 65, 'Y', '+919388200000', 'English', 'ABHA-76ed69f9-8ffc-4924-8829-44f17d85304b', 'MRN-a8877b2b-6fd0-4857-b38f-4b808a958deb', 'DL-9dc9fb14-3e3f-4751-ad1f-e5941f635c08', 'PP-ceab3dd3-6efd-4fe7-92a4-c75120a586dd', '2023-08-07 17:02:31.691', '97c9965f-76b8-4b42-a413-475b1182e356', 'F', '2023-08-07 17:02:31.691');
insert into PATIENT (id, given_name, first_name, last_name, email, gender, sex, race, mothers_maiden_name, birth_date, disability_adj_yrs, quality_adj_yrs , isMarried, phone_number, language, abha_number, mrn, dl_number, passport_number, registered_on, registered_At, is_deceased, last_updatedtime) values                        ('37c3b934-a112-4d0d-8228-c203028a7607', 'GivenName-18', 'FirstName-18', 'LastName-18', 'FirstName-18@gnail.com', 'M', 'M', 'Indian', 'MothersName-18', '1974-03-12', 75, 69, 'Y', '+919388200000', 'English', 'ABHA-7dfbc985-7ae1-480f-be06-4a1e9e3fc1ac', 'MRN-85b2e6ad-244c-49f3-9799-c8cc6fb8529e', 'DL-62fa7526-e79a-4299-b9aa-02ce177a8fcb', 'PP-6a3aa30b-0023-45d4-ad58-32f4af4ccafd', '2023-08-07 17:02:31.691', '781bdb23-96ef-4a24-89bb-cc11201ad8e6', 'F', '2023-08-07 17:02:31.691');
insert into PATIENT (id, given_name, first_name, last_name, email, gender, sex, race, mothers_maiden_name, birth_date, disability_adj_yrs, quality_adj_yrs , isMarried, phone_number, language, abha_number, mrn, dl_number, passport_number, registered_on, registered_At, is_deceased, last_updatedtime) values                        ('af244d98-5202-4539-9b7d-fdbec4436144', 'GivenName-19', 'FirstName-19', 'LastName-19', 'FirstName-19@gnail.com', 'M', 'M', 'Indian', 'MothersName-19', '1979-04-12', 77, 67, 'Y', '+919388200000', 'English', 'ABHA-c105d298-e46f-4781-98ba-39b267d9646d', 'MRN-77c6c936-3814-40ec-b7eb-9da9b9ba6901', 'DL-f29fa4ef-c34c-452f-88d6-d65abbd93ab0', 'PP-49303755-5dd4-4784-818c-7027bee25f0c', '2023-08-07 17:02:31.691', '4668a0d0-a2ad-4d5a-99c8-18a2a4bf3dff', 'F', '2023-08-07 17:02:31.691');
insert into PATIENT (id, given_name, first_name, last_name, email, gender, sex, race, mothers_maiden_name, birth_date, disability_adj_yrs, quality_adj_yrs , isMarried, phone_number, language, abha_number, mrn, dl_number, passport_number, registered_on, registered_At, is_deceased, last_updatedtime) values                        ('8e43f36d-ff91-4e4c-b46a-e63406cf8c34', 'GivenName-20', 'FirstName-20', 'LastName-20', 'FirstName-20@gnail.com', 'M', 'M', 'Indian', 'MothersName-20', '1976-09-02', 79, 66, 'Y', '+919388200000', 'English', 'ABHA-e2d6c6b4-90ba-452f-a6d5-96ca3c8942e7', 'MRN-c26cc659-41e3-41ba-bc1b-7eee33c61716', 'DL-e48995e5-7f6c-4780-b4bd-dd8963a0abb8', 'PP-6b56617b-c71e-48b3-baed-7891c1101fc0', '2023-08-07 17:02:31.691', '4668a0d0-a2ad-4d5a-99c8-18a2a4bf3dff', 'F', '2023-08-07 17:02:31.691');
insert into PATIENT (id, given_name, first_name, last_name, email, gender, sex, race, mothers_maiden_name, birth_date, disability_adj_yrs, quality_adj_yrs , isMarried, phone_number, language, abha_number, mrn, dl_number, passport_number, registered_on, registered_At, is_deceased, last_updatedtime) values                        ('22d32a72-3237-4c20-abd6-159959b80e53', 'GivenName-21', 'FirstName-21', 'LastName-21', 'FirstName-21@gnail.com', 'M', 'M', 'Indian', 'MothersName-21', '1977-06-23', 75, 67, 'Y', '+919388200000', 'English', 'ABHA-deae8aa6-2014-4fb2-ad51-9867a60e6c1e', 'MRN-d02187f6-a035-42ed-9be7-8857b18891fe', 'DL-8fa010c3-5d10-4ba3-b9cc-669c11cec4e6', 'PP-85375323-6bd3-4a97-9676-5ee548e85606', '2023-08-07 17:02:31.691', 'fa223ff9-6597-4743-bd51-6045663696f4', 'F', '2023-08-07 17:02:31.691');
insert into PATIENT (id, given_name, first_name, last_name, email, gender, sex, race, mothers_maiden_name, birth_date, disability_adj_yrs, quality_adj_yrs , isMarried, phone_number, language, abha_number, mrn, dl_number, passport_number, registered_on, registered_At, is_deceased, last_updatedtime) values                        ('7a2e9f2b-8235-4999-af15-39932555b46a', 'GivenName-22', 'FirstName-22', 'LastName-22', 'FirstName-22@gnail.com', 'M', 'M', 'Indian', 'MothersName-22', '1970-05-18', 77, 68, 'Y', '+919388200000', 'English', 'ABHA-de49bb40-25d6-496a-92cb-f594640da120', 'MRN-ae7433ae-6047-4378-a253-fc8231d52e58', 'DL-f4bc561c-b31a-4656-8cd4-30c591af46f8', 'PP-c5883ab8-bcec-4cb3-99b9-d95e19b1dfa6', '2023-08-07 17:02:31.691', '781bdb23-96ef-4a24-89bb-cc11201ad8e6', 'F', '2023-08-07 17:02:31.691');
insert into PATIENT (id, given_name, first_name, last_name, email, gender, sex, race, mothers_maiden_name, birth_date, disability_adj_yrs, quality_adj_yrs , isMarried, phone_number, language, abha_number, mrn, dl_number, passport_number, registered_on, registered_At, is_deceased, last_updatedtime) values                        ('666321a3-62fe-48b1-934b-e851e7c410b2', 'GivenName-23', 'FirstName-23', 'LastName-23', 'FirstName-23@gnail.com', 'M', 'M', 'Indian', 'MothersName-23', '1974-04-02', 75, 69, 'Y', '+919388200000', 'English', 'ABHA-3d99d2b6-73bb-4eef-9339-c668b6b70eea', 'MRN-4437ba2f-d0dd-4b9b-99cf-170805d87bcf', 'DL-02f79252-ef09-4a42-bba6-ae64f7dfb7e9', 'PP-0f7d25d8-38fd-4886-98d2-1fee4aa6a7c0', '2023-08-07 17:02:31.691', '781bdb23-96ef-4a24-89bb-cc11201ad8e6', 'F', '2023-08-07 17:02:31.691');
insert into PATIENT (id, given_name, first_name, last_name, email, gender, sex, race, mothers_maiden_name, birth_date, disability_adj_yrs, quality_adj_yrs , isMarried, phone_number, language, abha_number, mrn, dl_number, passport_number, registered_on, registered_At, is_deceased, last_updatedtime) values                        ('ab47b06a-6a4c-443d-a204-217bd7621c84', 'GivenName-24', 'FirstName-24', 'LastName-24', 'FirstName-24@gnail.com', 'M', 'M', 'Indian', 'MothersName-24', '1973-06-28', 78, 68, 'Y', '+919388200000', 'English', 'ABHA-5b3de93d-433b-48e4-a07c-62d27e011d28', 'MRN-9cfb8377-f77f-466d-93fd-d3e17244fff0', 'DL-0cc314f1-7bd3-4130-855d-7e40eb4d61c5', 'PP-d65e1deb-7278-427a-a1a6-402186dc2452', '2023-08-07 17:02:31.691', '781bdb23-96ef-4a24-89bb-cc11201ad8e6', 'F', '2023-08-07 17:02:31.691');
insert into PATIENT (id, given_name, first_name, last_name, email, gender, sex, race, mothers_maiden_name, birth_date, disability_adj_yrs, quality_adj_yrs , isMarried, phone_number, language, abha_number, mrn, dl_number, passport_number, registered_on, registered_At, is_deceased, last_updatedtime) values                        ('3330fee8-5c0d-40cf-9f8f-b7cf3dafabac', 'GivenName-25', 'FirstName-25', 'LastName-25', 'FirstName-25@gnail.com', 'M', 'M', 'Indian', 'MothersName-25', '1972-02-27', 76, 66, 'Y', '+919388200000', 'English', 'ABHA-473d2e94-bf50-49fa-8ce9-6b0df4243312', 'MRN-5a62d0e6-6786-4634-b679-36a2c38ffa03', 'DL-6a00c74d-bf76-4bdf-8404-9c196e9c5026', 'PP-ed862e5d-6e74-4911-9e1d-1c1f97c2cc3e', '2023-08-07 17:02:31.691', '97c9965f-76b8-4b42-a413-475b1182e356', 'F', '2023-08-07 17:02:31.691');
insert into PATIENT (id, given_name, first_name, last_name, email, gender, sex, race, mothers_maiden_name, birth_date, disability_adj_yrs, quality_adj_yrs , isMarried, phone_number, language, abha_number, mrn, dl_number, passport_number, registered_on, registered_At, is_deceased, last_updatedtime) values                        ('0a66d58a-053b-403a-85f4-d7ffcc2d8d69', 'GivenName-26', 'FirstName-26', 'LastName-26', 'FirstName-26@gnail.com', 'M', 'M', 'Indian', 'MothersName-26', '1970-08-01', 75, 69, 'Y', '+919388200000', 'English', 'ABHA-95586c96-808d-4ff6-bdc6-ed74ddbb46bd', 'MRN-fea1bdc9-70fa-4408-a80c-c2f5a4117b40', 'DL-d2ca7c3c-6941-4a85-b6a7-a3817682875f', 'PP-59195c56-eff3-4acb-8942-bbc695c59af1', '2023-08-07 17:02:31.691', '781bdb23-96ef-4a24-89bb-cc11201ad8e6', 'F', '2023-08-07 17:02:31.691');
insert into PATIENT (id, given_name, first_name, last_name, email, gender, sex, race, mothers_maiden_name, birth_date, disability_adj_yrs, quality_adj_yrs , isMarried, phone_number, language, abha_number, mrn, dl_number, passport_number, registered_on, registered_At, is_deceased, last_updatedtime) values                        ('3fc73953-32ee-4e2d-ba64-2cb3e55c2b89', 'GivenName-27', 'FirstName-27', 'LastName-27', 'FirstName-27@gnail.com', 'M', 'M', 'Indian', 'MothersName-27', '1974-09-05', 77, 67, 'Y', '+919388200000', 'English', 'ABHA-1a5fef25-fbf8-4cce-b560-cf5c453116f5', 'MRN-67be948d-90f6-414c-a4d3-3d7e9ace0ba4', 'DL-ae3224c9-73d7-4738-b2b3-8acab4c1177e', 'PP-a9f27b38-51b1-4145-a4ad-e0a46e2e3f20', '2023-08-07 17:02:31.691', '97c9965f-76b8-4b42-a413-475b1182e356', 'F', '2023-08-07 17:02:31.691');
insert into PATIENT (id, given_name, first_name, last_name, email, gender, sex, race, mothers_maiden_name, birth_date, disability_adj_yrs, quality_adj_yrs , isMarried, phone_number, language, abha_number, mrn, dl_number, passport_number, registered_on, registered_At, is_deceased, last_updatedtime) values                        ('4546df96-6704-40ec-9e05-db26aa931fd9', 'GivenName-28', 'FirstName-28', 'LastName-28', 'FirstName-28@gnail.com', 'M', 'M', 'Indian', 'MothersName-28', '1975-12-30', 77, 66, 'Y', '+919388200000', 'English', 'ABHA-aafcd2f1-fca4-4f39-b297-38312a2df18c', 'MRN-865f9ef2-b0a9-43b6-8292-d5a10abc2d13', 'DL-0bebcd79-0291-4651-a48a-0184a279e878', 'PP-20240079-76f6-40df-b9e8-048d6659e3d1', '2023-08-07 17:02:31.691', '781bdb23-96ef-4a24-89bb-cc11201ad8e6', 'F', '2023-08-07 17:02:31.691');
insert into PATIENT (id, given_name, first_name, last_name, email, gender, sex, race, mothers_maiden_name, birth_date, disability_adj_yrs, quality_adj_yrs , isMarried, phone_number, language, abha_number, mrn, dl_number, passport_number, registered_on, registered_At, is_deceased, last_updatedtime) values                        ('be8c0337-d32e-4ca2-83e7-a803b9e3c54c', 'GivenName-29', 'FirstName-29', 'LastName-29', 'FirstName-29@gnail.com', 'M', 'M', 'Indian', 'MothersName-29', '1978-11-27', 75, 65, 'Y', '+919388200000', 'English', 'ABHA-8dc78c25-7f06-4802-8371-79a90178285b', 'MRN-dddcda2c-52c7-4b2c-9443-e4c8320d48ac', 'DL-aff3a960-4081-475e-91c7-d01cc25c2d62', 'PP-1d8718c0-ec7a-43dd-a28b-01f81e5957dd', '2023-08-07 17:02:31.691', 'fa223ff9-6597-4743-bd51-6045663696f4', 'F', '2023-08-07 17:02:31.691');
insert into PATIENT (id, given_name, first_name, last_name, email, gender, sex, race, mothers_maiden_name, birth_date, disability_adj_yrs, quality_adj_yrs , isMarried, phone_number, language, abha_number, mrn, dl_number, passport_number, registered_on, registered_At, is_deceased, last_updatedtime) values                        ('85f8f5c6-38df-4521-a809-f7150d47b746', 'GivenName-30', 'FirstName-30', 'LastName-30', 'FirstName-30@gnail.com', 'M', 'M', 'Indian', 'MothersName-30', '1973-11-05', 79, 67, 'Y', '+919388200000', 'English', 'ABHA-d8fc0bd9-9195-497f-b8b3-9138d952ec5c', 'MRN-6769fdc9-dc44-477a-b68c-4ac4a9feaf5c', 'DL-8e8cb7cc-03d6-4986-a06f-d00066b8709e', 'PP-09247ef9-d8ac-4838-bf05-1d230a0aa054', '2023-08-07 17:02:31.691', '4668a0d0-a2ad-4d5a-99c8-18a2a4bf3dff', 'F', '2023-08-07 17:02:31.691');
insert into PATIENT (id, given_name, first_name, last_name, email, gender, sex, race, mothers_maiden_name, birth_date, disability_adj_yrs, quality_adj_yrs , isMarried, phone_number, language, abha_number, mrn, dl_number, passport_number, registered_on, registered_At, is_deceased, last_updatedtime) values                        ('ad0621bf-a41c-4529-b1e1-dd374476bdb3', 'GivenName-31', 'FirstName-31', 'LastName-31', 'FirstName-31@gnail.com', 'M', 'M', 'Indian', 'MothersName-31', '1972-02-09', 76, 66, 'Y', '+919388200000', 'English', 'ABHA-c1200b7b-d132-48d5-903a-3befad2ce355', 'MRN-8906aa5f-c9c9-4e37-b152-13d615c28f97', 'DL-14e84f1b-65d8-47ab-bc15-68ffe5c8396c', 'PP-8352e0af-0355-4b5a-a54e-fe6aeb58cac6', '2023-08-07 17:02:31.691', 'fa223ff9-6597-4743-bd51-6045663696f4', 'F', '2023-08-07 17:02:31.691');
insert into PATIENT (id, given_name, first_name, last_name, email, gender, sex, race, mothers_maiden_name, birth_date, disability_adj_yrs, quality_adj_yrs , isMarried, phone_number, language, abha_number, mrn, dl_number, passport_number, registered_on, registered_At, is_deceased, last_updatedtime) values                        ('b7ce0e69-c8c9-4813-bd6b-266b757722ee', 'GivenName-32', 'FirstName-32', 'LastName-32', 'FirstName-32@gnail.com', 'M', 'M', 'Indian', 'MothersName-32', '1970-06-18', 79, 65, 'Y', '+919388200000', 'English', 'ABHA-71260355-ee48-405e-97af-7e1b535e3a95', 'MRN-f38dce65-ee42-4d1d-9f4d-94e67d71a90a', 'DL-c045a00a-d072-4b23-8d61-562598dd6059', 'PP-52c94eb6-1ca0-465c-86b6-32cc7b9992d3', '2023-08-07 17:02:31.691', '781bdb23-96ef-4a24-89bb-cc11201ad8e6', 'F', '2023-08-07 17:02:31.691');
insert into PATIENT (id, given_name, first_name, last_name, email, gender, sex, race, mothers_maiden_name, birth_date, disability_adj_yrs, quality_adj_yrs , isMarried, phone_number, language, abha_number, mrn, dl_number, passport_number, registered_on, registered_At, is_deceased, last_updatedtime) values                        ('975f476d-6d95-435d-8353-a97dba81371e', 'GivenName-33', 'FirstName-33', 'LastName-33', 'FirstName-33@gnail.com', 'M', 'M', 'Indian', 'MothersName-33', '1973-12-20', 79, 68, 'Y', '+919388200000', 'English', 'ABHA-1aa20154-a271-44ce-809f-e5cd339546db', 'MRN-d9854fe7-eea7-47db-b057-8180386da60c', 'DL-2c97f507-3861-4812-9ea2-0ed6d2134905', 'PP-fa9553c9-d2a4-4f08-88d8-ebdcc44f7462', '2023-08-07 17:02:31.691', '781bdb23-96ef-4a24-89bb-cc11201ad8e6', 'F', '2023-08-07 17:02:31.691');
insert into PATIENT (id, given_name, first_name, last_name, email, gender, sex, race, mothers_maiden_name, birth_date, disability_adj_yrs, quality_adj_yrs , isMarried, phone_number, language, abha_number, mrn, dl_number, passport_number, registered_on, registered_At, is_deceased, last_updatedtime) values                        ('9da25b88-4800-40a4-89cb-92a0b148cf5a', 'GivenName-34', 'FirstName-34', 'LastName-34', 'FirstName-34@gnail.com', 'M', 'M', 'Indian', 'MothersName-34', '1974-02-24', 77, 65, 'Y', '+919388200000', 'English', 'ABHA-ed3392d9-309f-4c48-bf47-a6547652018d', 'MRN-eed5cadc-8689-4e67-acb4-b71f93648f39', 'DL-256a6298-868b-4d7d-b028-e0734bb8dca9', 'PP-96bbdbe4-04fa-4c93-b581-44b1bf0658d7', '2023-08-07 17:02:31.691', '781bdb23-96ef-4a24-89bb-cc11201ad8e6', 'F', '2023-08-07 17:02:31.691');
insert into PATIENT (id, given_name, first_name, last_name, email, gender, sex, race, mothers_maiden_name, birth_date, disability_adj_yrs, quality_adj_yrs , isMarried, phone_number, language, abha_number, mrn, dl_number, passport_number, registered_on, registered_At, is_deceased, last_updatedtime) values                        ('510cc25e-bc5b-4c8e-933b-6655324809ed', 'GivenName-35', 'FirstName-35', 'LastName-35', 'FirstName-35@gnail.com', 'M', 'M', 'Indian', 'MothersName-35', '1973-12-08', 78, 66, 'Y', '+919388200000', 'English', 'ABHA-c6c7fa6d-9ea8-41a4-96ab-ca3e1153966e', 'MRN-ee5ef931-508b-447d-a0e4-c2cf43faf4ed', 'DL-c5c36d26-4288-4ae5-a997-c1cd51670e13', 'PP-07f0e9a9-c2ef-483e-893d-0f28edc9e237', '2023-08-07 17:02:31.691', '97c9965f-76b8-4b42-a413-475b1182e356', 'F', '2023-08-07 17:02:31.691');
insert into PATIENT (id, given_name, first_name, last_name, email, gender, sex, race, mothers_maiden_name, birth_date, disability_adj_yrs, quality_adj_yrs , isMarried, phone_number, language, abha_number, mrn, dl_number, passport_number, registered_on, registered_At, is_deceased, last_updatedtime) values                        ('3454e49c-9c94-49ac-83c6-65875448a91b', 'GivenName-36', 'FirstName-36', 'LastName-36', 'FirstName-36@gnail.com', 'M', 'M', 'Indian', 'MothersName-36', '1971-11-09', 77, 65, 'Y', '+919388200000', 'English', 'ABHA-1ef6eec3-bd79-4b02-a0c9-c76ff7b7377e', 'MRN-d1bcfc2d-ce5a-44f1-b2a6-c5316538d8d5', 'DL-98b9a675-66c6-48fc-8d03-2762dfb00667', 'PP-1a0a2adc-477c-49a7-a662-89e1837a0939', '2023-08-07 17:02:31.691', 'fa223ff9-6597-4743-bd51-6045663696f4', 'F', '2023-08-07 17:02:31.691');
insert into PATIENT (id, given_name, first_name, last_name, email, gender, sex, race, mothers_maiden_name, birth_date, disability_adj_yrs, quality_adj_yrs , isMarried, phone_number, language, abha_number, mrn, dl_number, passport_number, registered_on, registered_At, is_deceased, last_updatedtime) values                        ('e6167c51-36b8-4d25-811d-0bdc1b5c2632', 'GivenName-37', 'FirstName-37', 'LastName-37', 'FirstName-37@gnail.com', 'M', 'M', 'Indian', 'MothersName-37', '1973-06-05', 75, 65, 'Y', '+919388200000', 'English', 'ABHA-3a0aeba7-1b12-4c9b-b6ca-d4e620f5a621', 'MRN-f73c80c1-bda8-48e2-81cf-1407e1b4c96b', 'DL-a13b50ca-31f9-47e7-92dc-2355ced1269e', 'PP-820d3f18-036b-4b0d-b60b-7c29d361ca36', '2023-08-07 17:02:31.691', 'fa223ff9-6597-4743-bd51-6045663696f4', 'F', '2023-08-07 17:02:31.691');
insert into PATIENT (id, given_name, first_name, last_name, email, gender, sex, race, mothers_maiden_name, birth_date, disability_adj_yrs, quality_adj_yrs , isMarried, phone_number, language, abha_number, mrn, dl_number, passport_number, registered_on, registered_At, is_deceased, last_updatedtime) values                        ('bb4d4d29-ce9c-403a-8b45-1b43ef5f555e', 'GivenName-38', 'FirstName-38', 'LastName-38', 'FirstName-38@gnail.com', 'M', 'M', 'Indian', 'MothersName-38', '1974-11-05', 77, 69, 'Y', '+919388200000', 'English', 'ABHA-f3928a2c-fa7b-4d42-8a29-17fd1663e5cc', 'MRN-981b5e2d-138b-4f4a-b880-93c4f197f512', 'DL-32775318-2b2f-401d-bbde-635cdf46b7f7', 'PP-dfe2f081-f182-480c-a617-3630b32557ae', '2023-08-07 17:02:31.691', 'fa223ff9-6597-4743-bd51-6045663696f4', 'F', '2023-08-07 17:02:31.691');
insert into PATIENT (id, given_name, first_name, last_name, email, gender, sex, race, mothers_maiden_name, birth_date, disability_adj_yrs, quality_adj_yrs , isMarried, phone_number, language, abha_number, mrn, dl_number, passport_number, registered_on, registered_At, is_deceased, last_updatedtime) values                        ('20357ec0-7aa0-458d-9263-1f5701c5c513', 'GivenName-39', 'FirstName-39', 'LastName-39', 'FirstName-39@gnail.com', 'M', 'M', 'Indian', 'MothersName-39', '1970-12-17', 77, 67, 'Y', '+919388200000', 'English', 'ABHA-eff20c19-999c-4780-b217-29184cab3a8f', 'MRN-0a28cd0d-aaee-41a8-8b06-bf0da9fe1e7f', 'DL-148291a1-a5d7-4382-b6dc-9894ea103dbc', 'PP-f614be28-f11b-45ba-9e6f-558774940ac1', '2023-08-07 17:02:31.691', '97c9965f-76b8-4b42-a413-475b1182e356', 'F', '2023-08-07 17:02:31.691');
insert into PATIENT (id, given_name, first_name, last_name, email, gender, sex, race, mothers_maiden_name, birth_date, disability_adj_yrs, quality_adj_yrs , isMarried, phone_number, language, abha_number, mrn, dl_number, passport_number, registered_on, registered_At, is_deceased, last_updatedtime) values                        ('f5324ed8-d232-4d44-b84f-30611cfece81', 'GivenName-40', 'FirstName-40', 'LastName-40', 'FirstName-40@gnail.com', 'M', 'M', 'Indian', 'MothersName-40', '1971-11-29', 75, 66, 'Y', '+919388200000', 'English', 'ABHA-232ade76-4c26-4360-a454-c506ddcdbf39', 'MRN-d34ae99f-2a95-4cdb-80f8-6a049cca67fe', 'DL-dfaf4c55-8b22-417d-9880-1a994b973010', 'PP-14d07222-aa62-4a22-b3e1-2b9e109ce8f0', '2023-08-07 17:02:31.691', '4668a0d0-a2ad-4d5a-99c8-18a2a4bf3dff', 'F', '2023-08-07 17:02:31.691');
insert into PATIENT (id, given_name, first_name, last_name, email, gender, sex, race, mothers_maiden_name, birth_date, disability_adj_yrs, quality_adj_yrs , isMarried, phone_number, language, abha_number, mrn, dl_number, passport_number, registered_on, registered_At, is_deceased, last_updatedtime) values                        ('98d2156b-1dc9-43de-a118-186d6834fbc9', 'GivenName-41', 'FirstName-41', 'LastName-41', 'FirstName-41@gnail.com', 'M', 'M', 'Indian', 'MothersName-41', '1974-04-03', 77, 68, 'Y', '+919388200000', 'English', 'ABHA-570af603-3c2c-4723-a957-e8e705c64f75', 'MRN-db44b2b0-b3b1-45de-8792-34ff3efee000', 'DL-0d2366cf-1f5d-49db-9d11-08d310028d9e', 'PP-82d11cae-bb96-43c8-992c-a050bece5827', '2023-08-07 17:02:31.691', '97c9965f-76b8-4b42-a413-475b1182e356', 'F', '2023-08-07 17:02:31.691');
insert into PATIENT (id, given_name, first_name, last_name, email, gender, sex, race, mothers_maiden_name, birth_date, disability_adj_yrs, quality_adj_yrs , isMarried, phone_number, language, abha_number, mrn, dl_number, passport_number, registered_on, registered_At, is_deceased, last_updatedtime) values                        ('8cacf24a-a745-405b-8f9d-f715577452f8', 'GivenName-42', 'FirstName-42', 'LastName-42', 'FirstName-42@gnail.com', 'M', 'M', 'Indian', 'MothersName-42', '1977-03-23', 75, 68, 'Y', '+919388200000', 'English', 'ABHA-d5b15c1c-8418-44c3-bb5a-6932a29ed437', 'MRN-6f8e15ce-cbaa-400e-9c41-d1bae0add9ba', 'DL-50505239-e6ba-4ee4-810a-e2d924ab876d', 'PP-3baacae5-07f0-420b-a56e-19eb0a277f6e', '2023-08-07 17:02:31.691', '97c9965f-76b8-4b42-a413-475b1182e356', 'F', '2023-08-07 17:02:31.691');
insert into PATIENT (id, given_name, first_name, last_name, email, gender, sex, race, mothers_maiden_name, birth_date, disability_adj_yrs, quality_adj_yrs , isMarried, phone_number, language, abha_number, mrn, dl_number, passport_number, registered_on, registered_At, is_deceased, last_updatedtime) values                        ('1f20fce0-70a7-443c-b485-05c9962e26dd', 'GivenName-43', 'FirstName-43', 'LastName-43', 'FirstName-43@gnail.com', 'M', 'M', 'Indian', 'MothersName-43', '1974-05-11', 76, 65, 'Y', '+919388200000', 'English', 'ABHA-a9f565b9-f0c4-477c-a6e2-09bfaf56f85a', 'MRN-f037ab2a-d32c-4b8b-9b36-1f3257406370', 'DL-d690e95f-2735-47ee-87b2-fc194f6a807b', 'PP-0762cffa-eb8b-4373-b676-65e3e0ff546c', '2023-08-07 17:02:31.691', '4668a0d0-a2ad-4d5a-99c8-18a2a4bf3dff', 'F', '2023-08-07 17:02:31.691');
insert into PATIENT (id, given_name, first_name, last_name, email, gender, sex, race, mothers_maiden_name, birth_date, disability_adj_yrs, quality_adj_yrs , isMarried, phone_number, language, abha_number, mrn, dl_number, passport_number, registered_on, registered_At, is_deceased, last_updatedtime) values                        ('d38740ec-2a3e-40a0-bda0-a2413f41d1fb', 'GivenName-44', 'FirstName-44', 'LastName-44', 'FirstName-44@gnail.com', 'M', 'M', 'Indian', 'MothersName-44', '1970-05-17', 76, 67, 'Y', '+919388200000', 'English', 'ABHA-db82d161-0ec9-4b53-b287-5b28c2ec030e', 'MRN-36873298-b03a-4924-a4a5-75ddf40e3312', 'DL-fa83440a-e747-45f5-89cd-15075a98221a', 'PP-7ce02a6c-f5d4-4e56-8acb-4961b8cad409', '2023-08-07 17:02:31.691', 'fa223ff9-6597-4743-bd51-6045663696f4', 'F', '2023-08-07 17:02:31.691');
insert into PATIENT (id, given_name, first_name, last_name, email, gender, sex, race, mothers_maiden_name, birth_date, disability_adj_yrs, quality_adj_yrs , isMarried, phone_number, language, abha_number, mrn, dl_number, passport_number, registered_on, registered_At, is_deceased, last_updatedtime) values                        ('c2c76360-ab20-4e17-b509-f330766a812e', 'GivenName-45', 'FirstName-45', 'LastName-45', 'FirstName-45@gnail.com', 'M', 'M', 'Indian', 'MothersName-45', '1971-04-15', 75, 66, 'Y', '+919388200000', 'English', 'ABHA-9f035edf-1378-465f-8571-e092b0f43a72', 'MRN-baac7789-4d8e-4fdd-a920-7bfac5f41a4f', 'DL-65c44226-b635-4cdc-a0f8-dd989205bfdf', 'PP-a3eb1370-cf22-4556-9975-67f7d7052386', '2023-08-07 17:02:31.691', 'fa223ff9-6597-4743-bd51-6045663696f4', 'F', '2023-08-07 17:02:31.691');
insert into PATIENT (id, given_name, first_name, last_name, email, gender, sex, race, mothers_maiden_name, birth_date, disability_adj_yrs, quality_adj_yrs , isMarried, phone_number, language, abha_number, mrn, dl_number, passport_number, registered_on, registered_At, is_deceased, last_updatedtime) values                        ('a42243ca-cf4f-4f00-8769-28304a74ae28', 'GivenName-46', 'FirstName-46', 'LastName-46', 'FirstName-46@gnail.com', 'M', 'M', 'Indian', 'MothersName-46', '1979-09-11', 75, 68, 'Y', '+919388200000', 'English', 'ABHA-ca174d58-5028-4bb0-a9dd-d329bf487838', 'MRN-50c1ea3a-960e-42e9-a00f-b1fee1274729', 'DL-4e194ec5-ebcf-43da-acfc-a6ac1d27108f', 'PP-c91e52b9-f16b-492d-a8c9-f728cb95d3f8', '2023-08-07 17:02:31.691', '781bdb23-96ef-4a24-89bb-cc11201ad8e6', 'F', '2023-08-07 17:02:31.691');
insert into PATIENT (id, given_name, first_name, last_name, email, gender, sex, race, mothers_maiden_name, birth_date, disability_adj_yrs, quality_adj_yrs , isMarried, phone_number, language, abha_number, mrn, dl_number, passport_number, registered_on, registered_At, is_deceased, last_updatedtime) values                        ('df6d02c6-b6ce-459f-bd02-1ebd602639ce', 'GivenName-47', 'FirstName-47', 'LastName-47', 'FirstName-47@gnail.com', 'M', 'M', 'Indian', 'MothersName-47', '1970-12-15', 77, 66, 'Y', '+919388200000', 'English', 'ABHA-dde67fea-827b-4af3-b674-5a8c4567c6f6', 'MRN-a91f0ef0-a9d9-4cbd-8153-f442fb59c263', 'DL-50bcdd12-985b-440e-9444-1b96e7e01a15', 'PP-f2296725-3bcd-44ec-9125-b8564ba55ceb', '2023-08-07 17:02:31.691', '781bdb23-96ef-4a24-89bb-cc11201ad8e6', 'F', '2023-08-07 17:02:31.691');
insert into PATIENT (id, given_name, first_name, last_name, email, gender, sex, race, mothers_maiden_name, birth_date, disability_adj_yrs, quality_adj_yrs , isMarried, phone_number, language, abha_number, mrn, dl_number, passport_number, registered_on, registered_At, is_deceased, last_updatedtime) values                        ('5c0b6ce5-d799-4ac8-a397-6a208fd86eb6', 'GivenName-48', 'FirstName-48', 'LastName-48', 'FirstName-48@gnail.com', 'M', 'M', 'Indian', 'MothersName-48', '1974-12-20', 76, 67, 'Y', '+919388200000', 'English', 'ABHA-dec49af2-ee6a-455c-95f7-e214805230ba', 'MRN-0ba25d69-42d0-43c2-b19a-80b24f4aa0b6', 'DL-389e93fa-8861-4d46-ad8f-99480f4c0c5d', 'PP-90722a1b-4377-4410-9226-0341abad9982', '2023-08-07 17:02:31.691', 'fa223ff9-6597-4743-bd51-6045663696f4', 'F', '2023-08-07 17:02:31.691');
insert into PATIENT (id, given_name, first_name, last_name, email, gender, sex, race, mothers_maiden_name, birth_date, disability_adj_yrs, quality_adj_yrs , isMarried, phone_number, language, abha_number, mrn, dl_number, passport_number, registered_on, registered_At, is_deceased, last_updatedtime) values                        ('452e6033-3387-46c6-a33e-0fb36d2722e0', 'GivenName-49', 'FirstName-49', 'LastName-49', 'FirstName-49@gnail.com', 'M', 'M', 'Indian', 'MothersName-49', '1978-03-19', 75, 67, 'Y', '+919388200000', 'English', 'ABHA-19dbd0df-67ec-45d9-9af8-5fd2d931d101', 'MRN-78787c4f-ba7f-47b3-8497-f439f2cae0ae', 'DL-743fad91-15b4-459e-8b3e-097c488a470a', 'PP-9ea8354e-9078-4d69-8a50-1dc3e54fd2f4', '2023-08-07 17:02:31.691', '4668a0d0-a2ad-4d5a-99c8-18a2a4bf3dff', 'F', '2023-08-07 17:02:31.691');
insert into PATIENT (id, given_name, first_name, last_name, email, gender, sex, race, mothers_maiden_name, birth_date, disability_adj_yrs, quality_adj_yrs , isMarried, phone_number, language, abha_number, mrn, dl_number, passport_number, registered_on, registered_At, is_deceased, last_updatedtime) values                        ('2212152c-2c90-4ce2-aa2c-a482637b3bc7', 'GivenName-50', 'FirstName-50', 'LastName-50', 'FirstName-50@gnail.com', 'M', 'M', 'Indian', 'MothersName-50', '1974-03-04', 78, 65, 'Y', '+919388200000', 'English', 'ABHA-c3b5e426-f0ec-4b92-98cd-d7b9a02df000', 'MRN-65bb9474-91cb-4eb7-937e-e9a68468f6b0', 'DL-f719e5c6-9378-4ca5-a10d-7f31702abec6', 'PP-6a28a0ca-3d52-4ac2-be0a-48d86d6460cd', '2023-08-07 17:02:31.691', '4668a0d0-a2ad-4d5a-99c8-18a2a4bf3dff', 'F', '2023-08-07 17:02:31.691');
insert into PATIENT (id, given_name, first_name, last_name, email, gender, sex, race, mothers_maiden_name, birth_date, disability_adj_yrs, quality_adj_yrs , isMarried, phone_number, language, abha_number, mrn, dl_number, passport_number, registered_on, registered_At, is_deceased, last_updatedtime) values                        ('a96eba73-57ce-4d76-b690-d89c923cab45', 'GivenName-51', 'FirstName-51', 'LastName-51', 'FirstName-51@gnail.com', 'M', 'M', 'Indian', 'MothersName-51', '1976-02-05', 77, 69, 'Y', '+919388200000', 'English', 'ABHA-69b8ef07-419c-4c7e-b181-2e98e38a34c4', 'MRN-57ce1cda-4c3b-4a36-ab40-d903ee359d3d', 'DL-09b2dec1-f2f7-4522-b469-d2d3a36c5a60', 'PP-8627e23f-4700-480d-9dd8-fb75e1bb1a03', '2023-08-07 17:02:31.691', '97c9965f-76b8-4b42-a413-475b1182e356', 'F', '2023-08-07 17:02:31.691');
insert into PATIENT (id, given_name, first_name, last_name, email, gender, sex, race, mothers_maiden_name, birth_date, disability_adj_yrs, quality_adj_yrs , isMarried, phone_number, language, abha_number, mrn, dl_number, passport_number, registered_on, registered_At, is_deceased, last_updatedtime) values                        ('dff2667e-07e9-41f6-b196-499477141ac2', 'GivenName-52', 'FirstName-52', 'LastName-52', 'FirstName-52@gnail.com', 'M', 'M', 'Indian', 'MothersName-52', '1973-05-13', 79, 68, 'Y', '+919388200000', 'English', 'ABHA-0d0bc80a-9496-4d88-a4f9-0319f3d7bdde', 'MRN-7c866c41-ecdc-49b0-99e4-74fcb344f416', 'DL-a7609dfe-086b-4a17-a0c8-07d44f823473', 'PP-ebf0d098-b484-468e-a103-8453c130af99', '2023-08-07 17:02:31.691', 'fa223ff9-6597-4743-bd51-6045663696f4', 'F', '2023-08-07 17:02:31.691');
insert into PATIENT (id, given_name, first_name, last_name, email, gender, sex, race, mothers_maiden_name, birth_date, disability_adj_yrs, quality_adj_yrs , isMarried, phone_number, language, abha_number, mrn, dl_number, passport_number, registered_on, registered_At, is_deceased, last_updatedtime) values                        ('7465ecb5-c1b0-448f-8a6a-5543ad35e97e', 'GivenName-53', 'FirstName-53', 'LastName-53', 'FirstName-53@gnail.com', 'M', 'M', 'Indian', 'MothersName-53', '1971-07-26', 75, 69, 'Y', '+919388200000', 'English', 'ABHA-b3690990-ff48-4357-8434-a4c69d874903', 'MRN-ecaf80ce-51a1-4ecb-b198-4da52b6e0ca6', 'DL-96a65635-7090-4e65-a2c8-e4b54b9a0ad6', 'PP-2f9ab52e-9429-4f20-acc6-070f213a2fd9', '2023-08-07 17:02:31.691', 'fa223ff9-6597-4743-bd51-6045663696f4', 'F', '2023-08-07 17:02:31.691');
insert into PATIENT (id, given_name, first_name, last_name, email, gender, sex, race, mothers_maiden_name, birth_date, disability_adj_yrs, quality_adj_yrs , isMarried, phone_number, language, abha_number, mrn, dl_number, passport_number, registered_on, registered_At, is_deceased, last_updatedtime) values                        ('772ede2d-c6b0-4f38-96c4-b80a9a98c836', 'GivenName-54', 'FirstName-54', 'LastName-54', 'FirstName-54@gnail.com', 'M', 'M', 'Indian', 'MothersName-54', '1978-07-22', 75, 65, 'Y', '+919388200000', 'English', 'ABHA-44e7159d-1f40-4bf7-b757-68f3d9a2ae32', 'MRN-7d2881b4-e80c-4fe0-8fa8-10138e0498f9', 'DL-73df9efe-78f5-4c1b-9f67-507255bb6433', 'PP-dd5d9d28-5555-4bbd-abab-a719025e4d53', '2023-08-07 17:02:31.691', '97c9965f-76b8-4b42-a413-475b1182e356', 'F', '2023-08-07 17:02:31.691');
insert into PATIENT (id, given_name, first_name, last_name, email, gender, sex, race, mothers_maiden_name, birth_date, disability_adj_yrs, quality_adj_yrs , isMarried, phone_number, language, abha_number, mrn, dl_number, passport_number, registered_on, registered_At, is_deceased, last_updatedtime) values                        ('b0f87821-39b6-4707-b4db-ecdf4bdb1097', 'GivenName-55', 'FirstName-55', 'LastName-55', 'FirstName-55@gnail.com', 'M', 'M', 'Indian', 'MothersName-55', '1978-11-17', 77, 66, 'Y', '+919388200000', 'English', 'ABHA-495660a0-0d84-4ffa-92b9-49636523e167', 'MRN-4a800c3a-77e3-44f1-90b4-e7843bdc40f1', 'DL-c4447552-50bc-4549-8af6-a3752a5defe2', 'PP-f1eda171-d0e1-48fc-8e91-b329b8e34d9a', '2023-08-07 17:02:31.691', 'fa223ff9-6597-4743-bd51-6045663696f4', 'F', '2023-08-07 17:02:31.691');
insert into PATIENT (id, given_name, first_name, last_name, email, gender, sex, race, mothers_maiden_name, birth_date, disability_adj_yrs, quality_adj_yrs , isMarried, phone_number, language, abha_number, mrn, dl_number, passport_number, registered_on, registered_At, is_deceased, last_updatedtime) values                        ('a5328e47-20ac-4a56-93b6-ff8a3f19ce76', 'GivenName-56', 'FirstName-56', 'LastName-56', 'FirstName-56@gnail.com', 'M', 'M', 'Indian', 'MothersName-56', '1971-05-12', 78, 67, 'Y', '+919388200000', 'English', 'ABHA-18ae7b1f-eac1-498f-9b46-1ddf1985a00b', 'MRN-7508cce0-428b-4afa-9aed-3814def9d965', 'DL-697a1a1a-839e-4f33-941d-ad360d3fedb0', 'PP-cf7542ec-f099-4c64-8358-127d1f165d26', '2023-08-07 17:02:31.691', 'fa223ff9-6597-4743-bd51-6045663696f4', 'F', '2023-08-07 17:02:31.691');
insert into PATIENT (id, given_name, first_name, last_name, email, gender, sex, race, mothers_maiden_name, birth_date, disability_adj_yrs, quality_adj_yrs , isMarried, phone_number, language, abha_number, mrn, dl_number, passport_number, registered_on, registered_At, is_deceased, last_updatedtime) values                        ('292dee78-ff74-4842-9f3f-6280e693dc11', 'GivenName-57', 'FirstName-57', 'LastName-57', 'FirstName-57@gnail.com', 'M', 'M', 'Indian', 'MothersName-57', '1972-11-22', 75, 67, 'Y', '+919388200000', 'English', 'ABHA-2e833ce0-5eb8-48ce-827d-d9b6ff6b0fcd', 'MRN-0b692b23-6365-40b7-a2e9-712e73912fb2', 'DL-82bbd667-6978-4fd3-8a4b-9fd13400fe35', 'PP-66179bc4-0405-4bd4-9a8c-1b3272cdf436', '2023-08-07 17:02:31.691', 'fa223ff9-6597-4743-bd51-6045663696f4', 'F', '2023-08-07 17:02:31.691');
insert into PATIENT (id, given_name, first_name, last_name, email, gender, sex, race, mothers_maiden_name, birth_date, disability_adj_yrs, quality_adj_yrs , isMarried, phone_number, language, abha_number, mrn, dl_number, passport_number, registered_on, registered_At, is_deceased, last_updatedtime) values                        ('6fe2dddc-2033-4b15-adcf-30477b151f78', 'GivenName-58', 'FirstName-58', 'LastName-58', 'FirstName-58@gnail.com', 'M', 'M', 'Indian', 'MothersName-58', '1974-08-02', 75, 65, 'Y', '+919388200000', 'English', 'ABHA-e8ff6220-a551-4915-8f90-61820cb73a54', 'MRN-4acfdc53-12d9-4847-9e19-e4aa6f255a2f', 'DL-5e054e5b-eea2-4a44-b0a5-23bd1b60818f', 'PP-f7bdc222-bdbb-4e24-b5d2-0b22f345ce85', '2023-08-07 17:02:31.691', '4668a0d0-a2ad-4d5a-99c8-18a2a4bf3dff', 'F', '2023-08-07 17:02:31.691');
insert into PATIENT (id, given_name, first_name, last_name, email, gender, sex, race, mothers_maiden_name, birth_date, disability_adj_yrs, quality_adj_yrs , isMarried, phone_number, language, abha_number, mrn, dl_number, passport_number, registered_on, registered_At, is_deceased, last_updatedtime) values                        ('551b6b97-5a61-43ad-91c3-86adaefeef56', 'GivenName-59', 'FirstName-59', 'LastName-59', 'FirstName-59@gnail.com', 'M', 'M', 'Indian', 'MothersName-59', '1975-10-09', 78, 65, 'Y', '+919388200000', 'English', 'ABHA-0f707af6-a4e0-4c81-8e45-5c0440851af7', 'MRN-41b9395f-aa84-4591-9301-536856869906', 'DL-21b9b056-5672-4de0-bd07-687fe2d98b86', 'PP-1b2012e0-a1d3-4391-8b85-2107a72385e8', '2023-08-07 17:02:31.691', '97c9965f-76b8-4b42-a413-475b1182e356', 'F', '2023-08-07 17:02:31.691');
insert into PATIENT (id, given_name, first_name, last_name, email, gender, sex, race, mothers_maiden_name, birth_date, disability_adj_yrs, quality_adj_yrs , isMarried, phone_number, language, abha_number, mrn, dl_number, passport_number, registered_on, registered_At, is_deceased, last_updatedtime) values                        ('fc03a768-f8df-4a55-85d5-8ac0dd6239fe', 'GivenName-60', 'FirstName-60', 'LastName-60', 'FirstName-60@gnail.com', 'M', 'M', 'Indian', 'MothersName-60', '1970-09-02', 75, 66, 'Y', '+919388200000', 'English', 'ABHA-7480003a-f849-4985-8d06-a51c04e404c8', 'MRN-b585a3b5-f76d-4a5d-95fb-dfd5bd881d1a', 'DL-2a21cab8-1bcb-4d13-ba40-17ad06dfe525', 'PP-752d2326-a8d2-4e08-984e-f77defb13c4d', '2023-08-07 17:02:31.691', '4668a0d0-a2ad-4d5a-99c8-18a2a4bf3dff', 'F', '2023-08-07 17:02:31.691');
insert into PATIENT (id, given_name, first_name, last_name, email, gender, sex, race, mothers_maiden_name, birth_date, disability_adj_yrs, quality_adj_yrs , isMarried, phone_number, language, abha_number, mrn, dl_number, passport_number, registered_on, registered_At, is_deceased, last_updatedtime) values                        ('fdb73d4a-da3d-446d-b77b-cd303b114a79', 'GivenName-61', 'FirstName-61', 'LastName-61', 'FirstName-61@gnail.com', 'M', 'M', 'Indian', 'MothersName-61', '1977-09-11', 75, 67, 'Y', '+919388200000', 'English', 'ABHA-a79b4bb2-f522-42e5-afb1-fb8c5b411795', 'MRN-a394058c-582f-4fcc-a615-4955aa016735', 'DL-a60fc1f2-5f12-49b8-818d-29d9e189883a', 'PP-ad7101d4-b438-43c3-b853-55ee9bee3b9f', '2023-08-07 17:02:31.691', '781bdb23-96ef-4a24-89bb-cc11201ad8e6', 'F', '2023-08-07 17:02:31.691');
insert into PATIENT (id, given_name, first_name, last_name, email, gender, sex, race, mothers_maiden_name, birth_date, disability_adj_yrs, quality_adj_yrs , isMarried, phone_number, language, abha_number, mrn, dl_number, passport_number, registered_on, registered_At, is_deceased, last_updatedtime) values                        ('ddc4e8d4-3181-47ca-a228-c88650e47a46', 'GivenName-62', 'FirstName-62', 'LastName-62', 'FirstName-62@gnail.com', 'M', 'M', 'Indian', 'MothersName-62', '1971-08-25', 79, 69, 'Y', '+919388200000', 'English', 'ABHA-61c1b2f9-0f3a-4a65-b069-eb6645f76a19', 'MRN-353e73fa-2d8e-4e0a-995d-eaf8ed881dc3', 'DL-81a72ada-784b-4a57-a501-661ba03324da', 'PP-4f6cdd9b-3ee0-456d-8099-5185a6d9fdff', '2023-08-07 17:02:31.691', '4668a0d0-a2ad-4d5a-99c8-18a2a4bf3dff', 'F', '2023-08-07 17:02:31.691');
insert into PATIENT (id, given_name, first_name, last_name, email, gender, sex, race, mothers_maiden_name, birth_date, disability_adj_yrs, quality_adj_yrs , isMarried, phone_number, language, abha_number, mrn, dl_number, passport_number, registered_on, registered_At, is_deceased, last_updatedtime) values                        ('9485020b-700a-43f6-8f31-fa7dc53195ed', 'GivenName-63', 'FirstName-63', 'LastName-63', 'FirstName-63@gnail.com', 'M', 'M', 'Indian', 'MothersName-63', '1978-12-14', 78, 69, 'Y', '+919388200000', 'English', 'ABHA-67448f84-04a6-4625-b2c3-08a6d04941de', 'MRN-597d354c-3855-4c80-8e88-8c9432f72644', 'DL-b62f29e1-8a97-47f1-b6e6-7a990ebc4131', 'PP-2353f555-2c50-4cc8-82d1-12b7081c8966', '2023-08-07 17:02:31.691', '4668a0d0-a2ad-4d5a-99c8-18a2a4bf3dff', 'F', '2023-08-07 17:02:31.691');
insert into PATIENT (id, given_name, first_name, last_name, email, gender, sex, race, mothers_maiden_name, birth_date, disability_adj_yrs, quality_adj_yrs , isMarried, phone_number, language, abha_number, mrn, dl_number, passport_number, registered_on, registered_At, is_deceased, last_updatedtime) values                        ('d2dfdcac-acb7-4745-8a4c-f7e017dc11aa', 'GivenName-64', 'FirstName-64', 'LastName-64', 'FirstName-64@gnail.com', 'M', 'M', 'Indian', 'MothersName-64', '1974-10-23', 79, 66, 'Y', '+919388200000', 'English', 'ABHA-688dcc0f-9fe6-4d5d-adb8-7b65ccc74c4e', 'MRN-15c361e1-4503-4a56-9468-7010d16c5d33', 'DL-9bb4b91e-c087-47ac-a8f9-2d50d3ceac4a', 'PP-1cd57a73-c1bd-470c-b2d0-6872032c0588', '2023-08-07 17:02:31.691', '4668a0d0-a2ad-4d5a-99c8-18a2a4bf3dff', 'F', '2023-08-07 17:02:31.691');
insert into PATIENT (id, given_name, first_name, last_name, email, gender, sex, race, mothers_maiden_name, birth_date, disability_adj_yrs, quality_adj_yrs , isMarried, phone_number, language, abha_number, mrn, dl_number, passport_number, registered_on, registered_At, is_deceased, last_updatedtime) values                        ('23f4e097-7c47-4a69-b7ae-9bcd394d9979', 'GivenName-65', 'FirstName-65', 'LastName-65', 'FirstName-65@gnail.com', 'M', 'M', 'Indian', 'MothersName-65', '1972-09-23', 76, 66, 'Y', '+919388200000', 'English', 'ABHA-ad10ea1b-2303-4f45-a0cd-1fd2d266d8b5', 'MRN-a3e441e2-3972-4147-ab5b-7411eb2c96ee', 'DL-21db7681-2d1e-4516-b4d5-2b2436b2ea3f', 'PP-54d1add9-ea9f-4cb3-a28e-fc44f3c5428f', '2023-08-07 17:02:31.691', 'fa223ff9-6597-4743-bd51-6045663696f4', 'F', '2023-08-07 17:02:31.691');
insert into PATIENT (id, given_name, first_name, last_name, email, gender, sex, race, mothers_maiden_name, birth_date, disability_adj_yrs, quality_adj_yrs , isMarried, phone_number, language, abha_number, mrn, dl_number, passport_number, registered_on, registered_At, is_deceased, last_updatedtime) values                        ('43ab7994-7a7d-4d16-ab22-2852658023d3', 'GivenName-66', 'FirstName-66', 'LastName-66', 'FirstName-66@gnail.com', 'M', 'M', 'Indian', 'MothersName-66', '1973-02-06', 75, 66, 'Y', '+919388200000', 'English', 'ABHA-83973d0a-befb-4d66-8374-ebe049043ae1', 'MRN-f1b48405-d330-400d-8912-89f68443c11b', 'DL-9a317996-3308-4c80-8017-d30b2b46b5d4', 'PP-1591c34d-b1c0-4d4e-bc74-9bc1003e910c', '2023-08-07 17:02:31.691', '781bdb23-96ef-4a24-89bb-cc11201ad8e6', 'F', '2023-08-07 17:02:31.691');
insert into PATIENT (id, given_name, first_name, last_name, email, gender, sex, race, mothers_maiden_name, birth_date, disability_adj_yrs, quality_adj_yrs , isMarried, phone_number, language, abha_number, mrn, dl_number, passport_number, registered_on, registered_At, is_deceased, last_updatedtime) values                        ('19ba5b30-b171-4086-bc89-14c8e20c73e5', 'GivenName-67', 'FirstName-67', 'LastName-67', 'FirstName-67@gnail.com', 'M', 'M', 'Indian', 'MothersName-67', '1975-05-21', 75, 66, 'Y', '+919388200000', 'English', 'ABHA-7a74787f-ee09-4e1d-96b1-3851d876163d', 'MRN-f55e41af-36fe-43fd-8f01-01fb708b1a61', 'DL-d687e87b-1281-45d9-843a-bf3527cd8d2d', 'PP-d62d4c12-76ee-4a13-ad0b-22ceaa8bee32', '2023-08-07 17:02:31.691', '97c9965f-76b8-4b42-a413-475b1182e356', 'F', '2023-08-07 17:02:31.691');
insert into PATIENT (id, given_name, first_name, last_name, email, gender, sex, race, mothers_maiden_name, birth_date, disability_adj_yrs, quality_adj_yrs , isMarried, phone_number, language, abha_number, mrn, dl_number, passport_number, registered_on, registered_At, is_deceased, last_updatedtime) values                        ('add6467d-7a6f-49ea-9db3-304409f2e40c', 'GivenName-68', 'FirstName-68', 'LastName-68', 'FirstName-68@gnail.com', 'M', 'M', 'Indian', 'MothersName-68', '1971-08-21', 77, 65, 'Y', '+919388200000', 'English', 'ABHA-cbb4327e-f474-4e50-9cb7-6c8b39587299', 'MRN-95cfa23b-3213-4ff0-b815-c8a96584ba91', 'DL-522fe57a-71a0-4e97-ab03-47e4a551fe37', 'PP-5b72a228-4057-484c-b13a-ca44f55dc454', '2023-08-07 17:02:31.691', '97c9965f-76b8-4b42-a413-475b1182e356', 'F', '2023-08-07 17:02:31.691');
insert into PATIENT (id, given_name, first_name, last_name, email, gender, sex, race, mothers_maiden_name, birth_date, disability_adj_yrs, quality_adj_yrs , isMarried, phone_number, language, abha_number, mrn, dl_number, passport_number, registered_on, registered_At, is_deceased, last_updatedtime) values                        ('db442231-27a0-437f-a4fd-45d7c70fa5be', 'GivenName-69', 'FirstName-69', 'LastName-69', 'FirstName-69@gnail.com', 'M', 'M', 'Indian', 'MothersName-69', '1972-08-16', 78, 66, 'Y', '+919388200000', 'English', 'ABHA-dfca3253-be2e-4980-9a81-8dbbda3da7e4', 'MRN-29a08c9b-c868-4042-8328-db80963d1268', 'DL-ae1f1b04-dda9-4c04-9abb-9ebb0762cadd', 'PP-5b0ee522-4939-41f9-88e9-a6690644e920', '2023-08-07 17:02:31.691', '4668a0d0-a2ad-4d5a-99c8-18a2a4bf3dff', 'F', '2023-08-07 17:02:31.691');
insert into PATIENT (id, given_name, first_name, last_name, email, gender, sex, race, mothers_maiden_name, birth_date, disability_adj_yrs, quality_adj_yrs , isMarried, phone_number, language, abha_number, mrn, dl_number, passport_number, registered_on, registered_At, is_deceased, last_updatedtime) values                        ('e4f680f4-6466-4b14-8514-d9af6c66f072', 'GivenName-70', 'FirstName-70', 'LastName-70', 'FirstName-70@gnail.com', 'M', 'M', 'Indian', 'MothersName-70', '1975-11-08', 78, 67, 'Y', '+919388200000', 'English', 'ABHA-197d26a9-385e-4a45-9726-6898f64932ec', 'MRN-263fbeb9-efa0-429f-b8be-a676f5c0a027', 'DL-478f39fa-36ff-492f-975b-4862e20cefa6', 'PP-97b8f1f3-8795-4748-973b-f1bd8643cb67', '2023-08-07 17:02:31.691', 'fa223ff9-6597-4743-bd51-6045663696f4', 'F', '2023-08-07 17:02:31.691');
insert into PATIENT (id, given_name, first_name, last_name, email, gender, sex, race, mothers_maiden_name, birth_date, disability_adj_yrs, quality_adj_yrs , isMarried, phone_number, language, abha_number, mrn, dl_number, passport_number, registered_on, registered_At, is_deceased, last_updatedtime) values                        ('13af48d2-327a-4b44-9245-4a421f667d5a', 'GivenName-71', 'FirstName-71', 'LastName-71', 'FirstName-71@gnail.com', 'M', 'M', 'Indian', 'MothersName-71', '1977-05-20', 76, 65, 'Y', '+919388200000', 'English', 'ABHA-d74990be-f72f-4f7a-a074-eb3115ae2ed0', 'MRN-ff576d83-77fc-4034-9658-5f08292a074a', 'DL-15586900-96a5-44ff-a175-4a52877988b2', 'PP-9f4cc592-2eb5-4ea7-99ee-2f617e197dc8', '2023-08-07 17:02:31.691', '781bdb23-96ef-4a24-89bb-cc11201ad8e6', 'F', '2023-08-07 17:02:31.691');
insert into PATIENT (id, given_name, first_name, last_name, email, gender, sex, race, mothers_maiden_name, birth_date, disability_adj_yrs, quality_adj_yrs , isMarried, phone_number, language, abha_number, mrn, dl_number, passport_number, registered_on, registered_At, is_deceased, last_updatedtime) values                        ('d38bf613-ae21-4684-b54a-8c3cf27f45bc', 'GivenName-72', 'FirstName-72', 'LastName-72', 'FirstName-72@gnail.com', 'M', 'M', 'Indian', 'MothersName-72', '1973-10-07', 78, 65, 'Y', '+919388200000', 'English', 'ABHA-8b42fbf0-931c-4848-a93c-ebd8b9a27d42', 'MRN-3e9b1cfa-9112-4d1c-bc8a-30514cbe40bf', 'DL-c7cb3f4e-1090-451d-92db-a347130709d9', 'PP-7e0b95e1-5f3e-4725-a482-84574a551d28', '2023-08-07 17:02:31.691', 'fa223ff9-6597-4743-bd51-6045663696f4', 'F', '2023-08-07 17:02:31.691');
insert into PATIENT (id, given_name, first_name, last_name, email, gender, sex, race, mothers_maiden_name, birth_date, disability_adj_yrs, quality_adj_yrs , isMarried, phone_number, language, abha_number, mrn, dl_number, passport_number, registered_on, registered_At, is_deceased, last_updatedtime) values                        ('8c6d043a-e706-49ee-bc29-66fd9cf5af34', 'GivenName-73', 'FirstName-73', 'LastName-73', 'FirstName-73@gnail.com', 'M', 'M', 'Indian', 'MothersName-73', '1974-06-07', 78, 65, 'Y', '+919388200000', 'English', 'ABHA-1f1ffcd4-32b2-42f0-b4e3-288515b57a31', 'MRN-161508fe-8aa3-4a1d-b8cb-8b427c8fc9f3', 'DL-f163ccd2-2fdd-48c5-a86c-212b90e1ca9e', 'PP-c76fa21f-b90d-42c6-a834-bc03826d41c6', '2023-08-07 17:02:31.691', 'fa223ff9-6597-4743-bd51-6045663696f4', 'F', '2023-08-07 17:02:31.691');
insert into PATIENT (id, given_name, first_name, last_name, email, gender, sex, race, mothers_maiden_name, birth_date, disability_adj_yrs, quality_adj_yrs , isMarried, phone_number, language, abha_number, mrn, dl_number, passport_number, registered_on, registered_At, is_deceased, last_updatedtime) values                        ('08582386-9191-40c6-87e6-8acb06a6187b', 'GivenName-74', 'FirstName-74', 'LastName-74', 'FirstName-74@gnail.com', 'M', 'M', 'Indian', 'MothersName-74', '1979-06-11', 77, 68, 'Y', '+919388200000', 'English', 'ABHA-595dc8ad-fbde-4537-8abd-d2d64138cb46', 'MRN-1df75d13-5dd7-4f08-bf0a-c76a500334cf', 'DL-1a5a024e-b144-44c2-8799-354cb2f35b7e', 'PP-c3da1e35-72f8-4550-8df6-51d104026da0', '2023-08-07 17:02:31.691', '97c9965f-76b8-4b42-a413-475b1182e356', 'F', '2023-08-07 17:02:31.691');
insert into PATIENT (id, given_name, first_name, last_name, email, gender, sex, race, mothers_maiden_name, birth_date, disability_adj_yrs, quality_adj_yrs , isMarried, phone_number, language, abha_number, mrn, dl_number, passport_number, registered_on, registered_At, is_deceased, last_updatedtime) values                        ('bcc65d46-4ee8-42ca-bf32-814bbe00e1e0', 'GivenName-75', 'FirstName-75', 'LastName-75', 'FirstName-75@gnail.com', 'M', 'M', 'Indian', 'MothersName-75', '1979-04-05', 78, 67, 'Y', '+919388200000', 'English', 'ABHA-313dc2e7-e3f5-43f1-b9b0-dcd844f03dfa', 'MRN-e6c27a82-c970-48c9-b4ba-7250d28d5a5c', 'DL-162661e1-c645-4a54-9286-03bf5d02973e', 'PP-71bb3458-e072-467e-8a43-4fe9471461c6', '2023-08-07 17:02:31.691', '4668a0d0-a2ad-4d5a-99c8-18a2a4bf3dff', 'F', '2023-08-07 17:02:31.691');
insert into PATIENT (id, given_name, first_name, last_name, email, gender, sex, race, mothers_maiden_name, birth_date, disability_adj_yrs, quality_adj_yrs , isMarried, phone_number, language, abha_number, mrn, dl_number, passport_number, registered_on, registered_At, is_deceased, last_updatedtime) values                        ('da7e68d1-9891-496e-99ea-371084190f5a', 'GivenName-76', 'FirstName-76', 'LastName-76', 'FirstName-76@gnail.com', 'M', 'M', 'Indian', 'MothersName-76', '1971-02-10', 76, 67, 'Y', '+919388200000', 'English', 'ABHA-29092489-969d-4090-8312-560165013b79', 'MRN-a0a432a8-75e6-44e3-8f72-4dc7a460ea84', 'DL-a388c716-c3ad-4374-8da1-7e34352082c4', 'PP-efc30494-8cda-4eed-bd4a-700f0e541b2b', '2023-08-07 17:02:31.691', '97c9965f-76b8-4b42-a413-475b1182e356', 'F', '2023-08-07 17:02:31.691');
insert into PATIENT (id, given_name, first_name, last_name, email, gender, sex, race, mothers_maiden_name, birth_date, disability_adj_yrs, quality_adj_yrs , isMarried, phone_number, language, abha_number, mrn, dl_number, passport_number, registered_on, registered_At, is_deceased, last_updatedtime) values                        ('9c95cb2c-09d1-435a-92e2-7b86c915635b', 'GivenName-77', 'FirstName-77', 'LastName-77', 'FirstName-77@gnail.com', 'M', 'M', 'Indian', 'MothersName-77', '1977-06-18', 76, 66, 'Y', '+919388200000', 'English', 'ABHA-f17a0978-e81b-4c38-9335-0dec05b94e2d', 'MRN-23156050-7de4-4f68-bebf-97c8dfb522e8', 'DL-14328179-b35f-47a3-9191-3a35ecb0791c', 'PP-8f1a0287-d6f4-4b81-9234-89a1f0f0d2b0', '2023-08-07 17:02:31.691', '4668a0d0-a2ad-4d5a-99c8-18a2a4bf3dff', 'F', '2023-08-07 17:02:31.691');
insert into PATIENT (id, given_name, first_name, last_name, email, gender, sex, race, mothers_maiden_name, birth_date, disability_adj_yrs, quality_adj_yrs , isMarried, phone_number, language, abha_number, mrn, dl_number, passport_number, registered_on, registered_At, is_deceased, last_updatedtime) values                        ('431bf91b-23d3-4bf2-a2a2-7c81063c5070', 'GivenName-78', 'FirstName-78', 'LastName-78', 'FirstName-78@gnail.com', 'M', 'M', 'Indian', 'MothersName-78', '1978-03-16', 78, 67, 'Y', '+919388200000', 'English', 'ABHA-f3ac30d4-8fb7-4671-ba2a-95b4fad3c752', 'MRN-9b75634f-74bb-4e79-9434-e81242eb27aa', 'DL-9255a02b-577a-43ca-8bdd-c1eb13db0e89', 'PP-e6c7ba2a-52d9-4ec0-ae65-db3e7b1e6e96', '2023-08-07 17:02:31.691', '4668a0d0-a2ad-4d5a-99c8-18a2a4bf3dff', 'F', '2023-08-07 17:02:31.691');
insert into PATIENT (id, given_name, first_name, last_name, email, gender, sex, race, mothers_maiden_name, birth_date, disability_adj_yrs, quality_adj_yrs , isMarried, phone_number, language, abha_number, mrn, dl_number, passport_number, registered_on, registered_At, is_deceased, last_updatedtime) values                        ('8959a25a-552d-4628-8090-b74e448ce5cf', 'GivenName-79', 'FirstName-79', 'LastName-79', 'FirstName-79@gnail.com', 'M', 'M', 'Indian', 'MothersName-79', '1977-05-23', 76, 66, 'Y', '+919388200000', 'English', 'ABHA-45ce1b29-8c17-43e9-997e-e47c9ec93671', 'MRN-3576f7a4-babd-4b99-ba7d-3b33e20a7f5f', 'DL-75e7b709-481b-4d4a-8d04-fa384ecf3109', 'PP-2dd35629-daee-4016-a575-69061c08ce05', '2023-08-07 17:02:31.691', '4668a0d0-a2ad-4d5a-99c8-18a2a4bf3dff', 'F', '2023-08-07 17:02:31.691');
insert into PATIENT (id, given_name, first_name, last_name, email, gender, sex, race, mothers_maiden_name, birth_date, disability_adj_yrs, quality_adj_yrs , isMarried, phone_number, language, abha_number, mrn, dl_number, passport_number, registered_on, registered_At, is_deceased, last_updatedtime) values                        ('1d8d21af-02df-4b1e-834c-447e581e21c0', 'GivenName-80', 'FirstName-80', 'LastName-80', 'FirstName-80@gnail.com', 'M', 'M', 'Indian', 'MothersName-80', '1979-05-01', 75, 68, 'Y', '+919388200000', 'English', 'ABHA-36e3e63f-dc27-4f6a-915f-1bf4ebed0572', 'MRN-fd209e9b-54f7-4208-b677-5083fa5a12dc', 'DL-5a71d54d-c333-4ad2-ada8-9dae0886acfc', 'PP-e31917fe-4845-42f9-aaef-24c1bdba8f6a', '2023-08-07 17:02:31.691', 'fa223ff9-6597-4743-bd51-6045663696f4', 'F', '2023-08-07 17:02:31.691');
insert into PATIENT (id, given_name, first_name, last_name, email, gender, sex, race, mothers_maiden_name, birth_date, disability_adj_yrs, quality_adj_yrs , isMarried, phone_number, language, abha_number, mrn, dl_number, passport_number, registered_on, registered_At, is_deceased, last_updatedtime) values                        ('cd6910b4-18ff-4efb-bc9b-4f07127cdf83', 'GivenName-81', 'FirstName-81', 'LastName-81', 'FirstName-81@gnail.com', 'M', 'M', 'Indian', 'MothersName-81', '1972-11-06', 78, 69, 'Y', '+919388200000', 'English', 'ABHA-f7fe7532-8544-4868-8a51-b0e21afe1480', 'MRN-932a9e84-9785-4d6b-bad5-1adc4bb67554', 'DL-cee785c6-d2e8-43cc-9b9a-6741764b1dc5', 'PP-d9524a67-9b67-432e-9e00-b79897ab78b5', '2023-08-07 17:02:31.691', '781bdb23-96ef-4a24-89bb-cc11201ad8e6', 'F', '2023-08-07 17:02:31.691');
insert into PATIENT (id, given_name, first_name, last_name, email, gender, sex, race, mothers_maiden_name, birth_date, disability_adj_yrs, quality_adj_yrs , isMarried, phone_number, language, abha_number, mrn, dl_number, passport_number, registered_on, registered_At, is_deceased, last_updatedtime) values                        ('95db167b-2a85-463c-9ab3-490d625c0b5e', 'GivenName-82', 'FirstName-82', 'LastName-82', 'FirstName-82@gnail.com', 'M', 'M', 'Indian', 'MothersName-82', '1977-06-23', 77, 67, 'Y', '+919388200000', 'English', 'ABHA-ff071173-efab-499b-ad60-16e93ffeea62', 'MRN-f163b984-5826-4ae4-99f7-d35376f7ca44', 'DL-5e45d04b-fcf7-4fb2-8e94-ea0cb69715e7', 'PP-39c52d5e-42ce-4e95-9103-a9d7686ca593', '2023-08-07 17:02:31.691', '97c9965f-76b8-4b42-a413-475b1182e356', 'F', '2023-08-07 17:02:31.691');
insert into PATIENT (id, given_name, first_name, last_name, email, gender, sex, race, mothers_maiden_name, birth_date, disability_adj_yrs, quality_adj_yrs , isMarried, phone_number, language, abha_number, mrn, dl_number, passport_number, registered_on, registered_At, is_deceased, last_updatedtime) values                        ('62636863-c1b8-42b5-9953-31cc22dfb280', 'GivenName-83', 'FirstName-83', 'LastName-83', 'FirstName-83@gnail.com', 'M', 'M', 'Indian', 'MothersName-83', '1971-04-19', 77, 65, 'Y', '+919388200000', 'English', 'ABHA-2eb5d546-dd52-4870-89a0-f9c0ec745722', 'MRN-31d10cfc-c51a-444e-84aa-8764d8c402de', 'DL-18fb11a2-7bd1-4bd1-af41-8a46ef88a6f7', 'PP-74bb9473-a42e-486a-872d-964adabc3ee2', '2023-08-07 17:02:31.691', '4668a0d0-a2ad-4d5a-99c8-18a2a4bf3dff', 'F', '2023-08-07 17:02:31.691');
insert into PATIENT (id, given_name, first_name, last_name, email, gender, sex, race, mothers_maiden_name, birth_date, disability_adj_yrs, quality_adj_yrs , isMarried, phone_number, language, abha_number, mrn, dl_number, passport_number, registered_on, registered_At, is_deceased, last_updatedtime) values                        ('ebd51671-67c9-42c4-adf5-c8316646a97d', 'GivenName-84', 'FirstName-84', 'LastName-84', 'FirstName-84@gnail.com', 'M', 'M', 'Indian', 'MothersName-84', '1979-12-11', 79, 67, 'Y', '+919388200000', 'English', 'ABHA-fec186fe-1ea2-47fc-8f78-102ec166a393', 'MRN-844aedd1-adb4-4b4c-9cc7-e6b3be9d92b8', 'DL-06ec3ca1-58aa-4cd9-b672-0d32d32dc444', 'PP-e0397fa6-d7d8-4daf-b9c4-180ce59e1700', '2023-08-07 17:02:31.691', '97c9965f-76b8-4b42-a413-475b1182e356', 'F', '2023-08-07 17:02:31.691');
insert into PATIENT (id, given_name, first_name, last_name, email, gender, sex, race, mothers_maiden_name, birth_date, disability_adj_yrs, quality_adj_yrs , isMarried, phone_number, language, abha_number, mrn, dl_number, passport_number, registered_on, registered_At, is_deceased, last_updatedtime) values                        ('3e31b45d-5ad9-4b44-a1ef-bb875c208166', 'GivenName-85', 'FirstName-85', 'LastName-85', 'FirstName-85@gnail.com', 'M', 'M', 'Indian', 'MothersName-85', '1975-06-09', 79, 65, 'Y', '+919388200000', 'English', 'ABHA-a205ea57-590c-49e6-810c-62591f17df4d', 'MRN-d5afbfe1-5c17-4aa9-9d08-0bf5fb800496', 'DL-0f61ca80-1279-4708-9a2b-a09bbb17b4f0', 'PP-cdd05f48-5917-4641-a122-eb71847cbd4f', '2023-08-07 17:02:31.691', 'fa223ff9-6597-4743-bd51-6045663696f4', 'F', '2023-08-07 17:02:31.691');
insert into PATIENT (id, given_name, first_name, last_name, email, gender, sex, race, mothers_maiden_name, birth_date, disability_adj_yrs, quality_adj_yrs , isMarried, phone_number, language, abha_number, mrn, dl_number, passport_number, registered_on, registered_At, is_deceased, last_updatedtime) values                        ('d56ab743-9d1c-42f5-bb17-93b93b5bc4e4', 'GivenName-86', 'FirstName-86', 'LastName-86', 'FirstName-86@gnail.com', 'M', 'M', 'Indian', 'MothersName-86', '1976-03-29', 76, 68, 'Y', '+919388200000', 'English', 'ABHA-e1432031-f6b5-4cb3-af10-a426218b70bd', 'MRN-1ef695c9-0adc-4ced-a2c3-494c76ccb06f', 'DL-152d2eb1-aa45-449f-8949-e0a11bda70aa', 'PP-d4c13580-8616-4ce5-9dc8-a80e596a41f3', '2023-08-07 17:02:31.691', '4668a0d0-a2ad-4d5a-99c8-18a2a4bf3dff', 'F', '2023-08-07 17:02:31.691');
insert into PATIENT (id, given_name, first_name, last_name, email, gender, sex, race, mothers_maiden_name, birth_date, disability_adj_yrs, quality_adj_yrs , isMarried, phone_number, language, abha_number, mrn, dl_number, passport_number, registered_on, registered_At, is_deceased, last_updatedtime) values                        ('28fe2788-e483-4538-be5a-20e43f25cc19', 'GivenName-87', 'FirstName-87', 'LastName-87', 'FirstName-87@gnail.com', 'M', 'M', 'Indian', 'MothersName-87', '1974-12-24', 76, 65, 'Y', '+919388200000', 'English', 'ABHA-841d3bea-97f1-41c7-845f-3dce398d41c2', 'MRN-019d2c8a-e462-4720-bad5-c6efc3d7c342', 'DL-1155bd0d-d215-4a97-b149-28c51831aa11', 'PP-e3866c50-fc84-4b1b-85b8-f08fda444a70', '2023-08-07 17:02:31.691', '781bdb23-96ef-4a24-89bb-cc11201ad8e6', 'F', '2023-08-07 17:02:31.691');
insert into PATIENT (id, given_name, first_name, last_name, email, gender, sex, race, mothers_maiden_name, birth_date, disability_adj_yrs, quality_adj_yrs , isMarried, phone_number, language, abha_number, mrn, dl_number, passport_number, registered_on, registered_At, is_deceased, last_updatedtime) values                        ('4353060b-6aaf-425f-9077-49f6b8599967', 'GivenName-88', 'FirstName-88', 'LastName-88', 'FirstName-88@gnail.com', 'M', 'M', 'Indian', 'MothersName-88', '1976-06-30', 78, 66, 'Y', '+919388200000', 'English', 'ABHA-4c608305-c315-408e-a69f-39872ea09fdf', 'MRN-01e97c0c-335d-4ba8-9dcb-a02a85515dc8', 'DL-93c56f6c-b041-4346-96a5-1538a0447820', 'PP-b66e6973-adad-4407-a4b3-24b77bcf8c3f', '2023-08-07 17:02:31.691', '97c9965f-76b8-4b42-a413-475b1182e356', 'F', '2023-08-07 17:02:31.691');
insert into PATIENT (id, given_name, first_name, last_name, email, gender, sex, race, mothers_maiden_name, birth_date, disability_adj_yrs, quality_adj_yrs , isMarried, phone_number, language, abha_number, mrn, dl_number, passport_number, registered_on, registered_At, is_deceased, last_updatedtime) values                        ('bcfd1114-1524-417c-8a49-daa1509baf09', 'GivenName-89', 'FirstName-89', 'LastName-89', 'FirstName-89@gnail.com', 'M', 'M', 'Indian', 'MothersName-89', '1976-06-04', 75, 67, 'Y', '+919388200000', 'English', 'ABHA-d5cdfae8-1e8c-4f61-9cc7-4afd5ac04559', 'MRN-2b799ba9-82ad-413a-a50b-772a38d88814', 'DL-0ed69913-5bd9-4a20-a173-7b70219a186e', 'PP-dae6bd63-3b14-46ea-bbea-c63235cdb78c', '2023-08-07 17:02:31.691', '97c9965f-76b8-4b42-a413-475b1182e356', 'F', '2023-08-07 17:02:31.691');
insert into PATIENT (id, given_name, first_name, last_name, email, gender, sex, race, mothers_maiden_name, birth_date, disability_adj_yrs, quality_adj_yrs , isMarried, phone_number, language, abha_number, mrn, dl_number, passport_number, registered_on, registered_At, is_deceased, last_updatedtime) values                        ('bc1c70bb-6fbf-491a-998c-09a1d3f293de', 'GivenName-90', 'FirstName-90', 'LastName-90', 'FirstName-90@gnail.com', 'M', 'M', 'Indian', 'MothersName-90', '1972-05-14', 79, 66, 'Y', '+919388200000', 'English', 'ABHA-4aeb57bb-afa9-44f9-a90d-5128067bbde6', 'MRN-5b92fe8e-7bcf-406d-95df-2a1fbcdf6334', 'DL-ebf711c4-de4e-4638-a7cb-c1528d0f7baf', 'PP-4703023a-40e8-44f3-8e1e-08488e6da6b3', '2023-08-07 17:02:31.691', 'fa223ff9-6597-4743-bd51-6045663696f4', 'F', '2023-08-07 17:02:31.691');
insert into PATIENT (id, given_name, first_name, last_name, email, gender, sex, race, mothers_maiden_name, birth_date, disability_adj_yrs, quality_adj_yrs , isMarried, phone_number, language, abha_number, mrn, dl_number, passport_number, registered_on, registered_At, is_deceased, last_updatedtime) values                        ('14ac301c-bfcf-473c-a997-0b808d402a17', 'GivenName-91', 'FirstName-91', 'LastName-91', 'FirstName-91@gnail.com', 'M', 'M', 'Indian', 'MothersName-91', '1979-05-15', 77, 67, 'Y', '+919388200000', 'English', 'ABHA-9bdf60e5-250f-464e-94bb-44115a3e42c0', 'MRN-d96dbc88-32cc-461f-bbdc-28e9d343abe9', 'DL-830b8b99-f266-4d75-a05c-8ffaecbafbb5', 'PP-96b813b1-9dc3-483e-bc45-60be1420d8d6', '2023-08-07 17:02:31.691', 'fa223ff9-6597-4743-bd51-6045663696f4', 'F', '2023-08-07 17:02:31.691');
insert into PATIENT (id, given_name, first_name, last_name, email, gender, sex, race, mothers_maiden_name, birth_date, disability_adj_yrs, quality_adj_yrs , isMarried, phone_number, language, abha_number, mrn, dl_number, passport_number, registered_on, registered_At, is_deceased, last_updatedtime) values                        ('5277bc4e-0f37-4b54-8508-dea084544230', 'GivenName-92', 'FirstName-92', 'LastName-92', 'FirstName-92@gnail.com', 'M', 'M', 'Indian', 'MothersName-92', '1971-04-27', 79, 69, 'Y', '+919388200000', 'English', 'ABHA-8b68769a-0a43-41c3-b43a-ca33da2cb655', 'MRN-fad328cb-1f3f-4d8d-8c38-afd21f808141', 'DL-a3141776-a717-46b1-9c49-dd126758b0b8', 'PP-e67d41ab-1383-41d8-be3b-4e2e0d365e87', '2023-08-07 17:02:31.691', '781bdb23-96ef-4a24-89bb-cc11201ad8e6', 'F', '2023-08-07 17:02:31.691');
insert into PATIENT (id, given_name, first_name, last_name, email, gender, sex, race, mothers_maiden_name, birth_date, disability_adj_yrs, quality_adj_yrs , isMarried, phone_number, language, abha_number, mrn, dl_number, passport_number, registered_on, registered_At, is_deceased, last_updatedtime) values                        ('87d1e0c5-c6b1-4618-a180-14b9e9779420', 'GivenName-93', 'FirstName-93', 'LastName-93', 'FirstName-93@gnail.com', 'M', 'M', 'Indian', 'MothersName-93', '1973-03-25', 75, 66, 'Y', '+919388200000', 'English', 'ABHA-540e133c-b273-486d-9377-d65543d6bee5', 'MRN-eb1b32fe-6293-437b-896c-00906e121b94', 'DL-97c54c2d-8e7b-4ed1-8263-1d478780fbe3', 'PP-cce5056e-fa2d-4859-bf97-74a2864013bd', '2023-08-07 17:02:31.691', '4668a0d0-a2ad-4d5a-99c8-18a2a4bf3dff', 'F', '2023-08-07 17:02:31.691');
insert into PATIENT (id, given_name, first_name, last_name, email, gender, sex, race, mothers_maiden_name, birth_date, disability_adj_yrs, quality_adj_yrs , isMarried, phone_number, language, abha_number, mrn, dl_number, passport_number, registered_on, registered_At, is_deceased, last_updatedtime) values                        ('7c550613-37e0-4251-820d-40b087b3a8f9', 'GivenName-94', 'FirstName-94', 'LastName-94', 'FirstName-94@gnail.com', 'M', 'M', 'Indian', 'MothersName-94', '1978-03-04', 75, 67, 'Y', '+919388200000', 'English', 'ABHA-07af6580-b3f1-496e-8cf5-ed07318f09e4', 'MRN-7b7b97b1-3418-45a9-b7f4-e4e70acea17e', 'DL-e4eea989-6daa-4f86-8805-37e76f01ed88', 'PP-8c18e151-1ec7-4fc0-bb48-857b11f2908a', '2023-08-07 17:02:31.691', 'fa223ff9-6597-4743-bd51-6045663696f4', 'F', '2023-08-07 17:02:31.691');
insert into PATIENT (id, given_name, first_name, last_name, email, gender, sex, race, mothers_maiden_name, birth_date, disability_adj_yrs, quality_adj_yrs , isMarried, phone_number, language, abha_number, mrn, dl_number, passport_number, registered_on, registered_At, is_deceased, last_updatedtime) values                        ('a07ce4c1-2195-45f9-828b-e399d243a94d', 'GivenName-95', 'FirstName-95', 'LastName-95', 'FirstName-95@gnail.com', 'M', 'M', 'Indian', 'MothersName-95', '1976-10-09', 78, 67, 'Y', '+919388200000', 'English', 'ABHA-7b432b16-0d63-4784-8ebe-2f6970730f30', 'MRN-48154812-4630-40a8-9db5-a589bb525373', 'DL-13633cba-8aff-4d91-954d-3156a6e25168', 'PP-fae6fd8f-75e2-4628-8367-13c23d4fd784', '2023-08-07 17:02:31.691', '781bdb23-96ef-4a24-89bb-cc11201ad8e6', 'F', '2023-08-07 17:02:31.691');
insert into PATIENT (id, given_name, first_name, last_name, email, gender, sex, race, mothers_maiden_name, birth_date, disability_adj_yrs, quality_adj_yrs , isMarried, phone_number, language, abha_number, mrn, dl_number, passport_number, registered_on, registered_At, is_deceased, last_updatedtime) values                        ('4a105727-692b-4bf8-aa1e-9d1a867bac98', 'GivenName-96', 'FirstName-96', 'LastName-96', 'FirstName-96@gnail.com', 'M', 'M', 'Indian', 'MothersName-96', '1977-02-22', 75, 66, 'Y', '+919388200000', 'English', 'ABHA-78d406c7-955b-4d05-b5ed-d2f3628802e6', 'MRN-75fe997c-95f3-4f8a-9374-3f18d62a1f54', 'DL-82ace6be-7406-4f83-bb0b-83de7a6691df', 'PP-e91b3909-2904-46b0-8a21-9951add8fbf3', '2023-08-07 17:02:31.691', '4668a0d0-a2ad-4d5a-99c8-18a2a4bf3dff', 'F', '2023-08-07 17:02:31.691');
insert into PATIENT (id, given_name, first_name, last_name, email, gender, sex, race, mothers_maiden_name, birth_date, disability_adj_yrs, quality_adj_yrs , isMarried, phone_number, language, abha_number, mrn, dl_number, passport_number, registered_on, registered_At, is_deceased, last_updatedtime) values                        ('cb15ee81-d93e-4ca6-9bea-bd7d3cc38caf', 'GivenName-97', 'FirstName-97', 'LastName-97', 'FirstName-97@gnail.com', 'M', 'M', 'Indian', 'MothersName-97', '1973-12-11', 78, 65, 'Y', '+919388200000', 'English', 'ABHA-20636617-7b2d-4331-926e-ee8d42beebd1', 'MRN-9676d51e-65da-44ea-a219-3f8e5fa08a59', 'DL-383beb98-acc8-4c92-a4ef-27f164862411', 'PP-029d21f1-cb90-4674-94c0-0d17a205e758', '2023-08-07 17:02:31.691', '4668a0d0-a2ad-4d5a-99c8-18a2a4bf3dff', 'F', '2023-08-07 17:02:31.691');
insert into PATIENT (id, given_name, first_name, last_name, email, gender, sex, race, mothers_maiden_name, birth_date, disability_adj_yrs, quality_adj_yrs , isMarried, phone_number, language, abha_number, mrn, dl_number, passport_number, registered_on, registered_At, is_deceased, last_updatedtime) values                        ('b610f2e3-0e47-431b-94fe-7aff38c28c99', 'GivenName-98', 'FirstName-98', 'LastName-98', 'FirstName-98@gnail.com', 'M', 'M', 'Indian', 'MothersName-98', '1975-12-08', 79, 68, 'Y', '+919388200000', 'English', 'ABHA-3013a5ae-aeb4-47b0-b292-54a410bba60e', 'MRN-b0c22044-0c0f-4973-8e5c-be4b7e2e62aa', 'DL-1d3915ca-e534-4e76-88a8-d889481f85ab', 'PP-41501fa7-bfda-441a-bf4d-c4cabcec3b4f', '2023-08-07 17:02:31.691', 'fa223ff9-6597-4743-bd51-6045663696f4', 'F', '2023-08-07 17:02:31.691');
insert into PATIENT (id, given_name, first_name, last_name, email, gender, sex, race, mothers_maiden_name, birth_date, disability_adj_yrs, quality_adj_yrs , isMarried, phone_number, language, abha_number, mrn, dl_number, passport_number, registered_on, registered_At, is_deceased, last_updatedtime) values                        ('2c29b2ae-9bd6-41d0-86da-5a9307e55ed9', 'GivenName-99', 'FirstName-99', 'LastName-99', 'FirstName-99@gnail.com', 'M', 'M', 'Indian', 'MothersName-99', '1979-03-19', 79, 67, 'Y', '+919388200000', 'English', 'ABHA-8eb70a67-23a9-4cb0-9853-89a2524352ee', 'MRN-03685be6-805b-47b0-a23d-b2bac72d2399', 'DL-1755a145-5593-4e42-93ec-cf179d293ea5', 'PP-c8d81914-a560-4743-841c-db0ef3ba571a', '2023-08-07 17:02:31.691', 'fa223ff9-6597-4743-bd51-6045663696f4', 'F', '2023-08-07 17:02:31.691');
insert into PRACTITIONER (id, given_name, first_name, last_name, email, gender, sex, aadhaar_id, pan, passport_number, specialization, phone_number , primary_location, qualification, language, organization_id, last_updatedtime) values                        ('4d8d6470-2fc5-4c6b-9ca3-2e62da145b40', 'GivenName-0', 'FirstName-0', 'LastName-0', 'FirstName-0@practition.er', 'M', 'M', 'AADHAAR-676f8c32-493f-41fa-b56a-2feee4b1f506', 'PAN-ed492f3d-8f9e-4617-a41c-0002e19f1395', 'PP-31912646-d0ba-4c90-8b13-fe1f4108e404', 'Orthodontics', '+919511100000', '4668a0d0-a2ad-4d5a-99c8-18a2a4bf3dff', 'M.B.B.S, M.D', 'English', '4668a0d0-a2ad-4d5a-99c8-18a2a4bf3dff', '2023-08-07 17:02:31.691');
insert into PRACTITIONER (id, given_name, first_name, last_name, email, gender, sex, aadhaar_id, pan, passport_number, specialization, phone_number , primary_location, qualification, language, organization_id, last_updatedtime) values                        ('9357e93d-b335-48b9-b13c-35e106b9f799', 'GivenName-1', 'FirstName-1', 'LastName-1', 'FirstName-1@practition.er', 'M', 'M', 'AADHAAR-6a6409f2-3fcd-4720-998d-cd7e7ca02f0b', 'PAN-68ec221e-9bf0-4811-b33b-387b14cdb7e9', 'PP-487f3f74-c49b-4de4-83b6-3ca382f54d79', 'Neurology', '+919511100000', '781bdb23-96ef-4a24-89bb-cc11201ad8e6', 'M.B.B.S, M.D', 'English', '781bdb23-96ef-4a24-89bb-cc11201ad8e6', '2023-08-07 17:02:31.691');
insert into PRACTITIONER (id, given_name, first_name, last_name, email, gender, sex, aadhaar_id, pan, passport_number, specialization, phone_number , primary_location, qualification, language, organization_id, last_updatedtime) values                        ('a16b54e4-6c69-4153-a1db-5e6b40f238c5', 'GivenName-2', 'FirstName-2', 'LastName-2', 'FirstName-2@practition.er', 'M', 'M', 'AADHAAR-df3531a1-92f1-44df-88d3-3e857b5946fe', 'PAN-14fd78ea-734d-4823-9b52-a55e205727d7', 'PP-1dc3d0f4-5040-45a7-a655-e84b84bfae6c', 'Neurology', '+919511100000', '97c9965f-76b8-4b42-a413-475b1182e356', 'M.B.B.S, M.D', 'English', '97c9965f-76b8-4b42-a413-475b1182e356', '2023-08-07 17:02:31.691');
insert into PRACTITIONER (id, given_name, first_name, last_name, email, gender, sex, aadhaar_id, pan, passport_number, specialization, phone_number , primary_location, qualification, language, organization_id, last_updatedtime) values                        ('87f74408-31a4-40d7-a0fa-197c5a82008e', 'GivenName-3', 'FirstName-3', 'LastName-3', 'FirstName-3@practition.er', 'M', 'M', 'AADHAAR-be34a458-fb3e-4e7f-aab9-60a061dd6ce4', 'PAN-7c1ffa5c-b958-48ce-ae82-c96124bc33a1', 'PP-644c60ac-c58e-40e7-9875-fe66b1027ebd', 'Naturopathy', '+919511100000', 'fa223ff9-6597-4743-bd51-6045663696f4', 'M.B.B.S, M.D', 'English', 'fa223ff9-6597-4743-bd51-6045663696f4', '2023-08-07 17:02:31.691');
insert into PRACTITIONER (id, given_name, first_name, last_name, email, gender, sex, aadhaar_id, pan, passport_number, specialization, phone_number , primary_location, qualification, language, organization_id, last_updatedtime) values                        ('874d8a0b-9dca-4917-b67b-2a6f3a5f9a53', 'GivenName-4', 'FirstName-4', 'LastName-4', 'FirstName-4@practition.er', 'M', 'M', 'AADHAAR-f9d8d50d-7489-4e87-ac71-64522819aa26', 'PAN-e3065774-1427-485a-bca7-46cefb983a02', 'PP-7821845e-a7de-40e8-9415-92c86c2ce152', 'Naturopathy', '+919511100000', 'fa223ff9-6597-4743-bd51-6045663696f4', 'M.B.B.S, M.D', 'English', 'fa223ff9-6597-4743-bd51-6045663696f4', '2023-08-07 17:02:31.691');
insert into PRACTITIONER (id, given_name, first_name, last_name, email, gender, sex, aadhaar_id, pan, passport_number, specialization, phone_number , primary_location, qualification, language, organization_id, last_updatedtime) values                        ('162343b7-e0d6-4acb-be39-e237d3e4dc48', 'GivenName-5', 'FirstName-5', 'LastName-5', 'FirstName-5@practition.er', 'M', 'M', 'AADHAAR-8ae25089-e566-470b-9a26-85167a84e9ee', 'PAN-e5ce43e4-14a1-44c2-a254-d38e54147494', 'PP-34b669db-722e-4b3c-b3cf-f6cb346dbd26', 'Ophtamology', '+919511100000', '97c9965f-76b8-4b42-a413-475b1182e356', 'M.B.B.S, M.D', 'English', '97c9965f-76b8-4b42-a413-475b1182e356', '2023-08-07 17:02:31.691');
insert into PRACTITIONER (id, given_name, first_name, last_name, email, gender, sex, aadhaar_id, pan, passport_number, specialization, phone_number , primary_location, qualification, language, organization_id, last_updatedtime) values                        ('17620460-3ec5-4c2c-bd33-52d546679903', 'GivenName-6', 'FirstName-6', 'LastName-6', 'FirstName-6@practition.er', 'M', 'M', 'AADHAAR-26f66fdc-5b02-4f31-840d-21b0007c1640', 'PAN-6647c5d9-90bb-4085-8939-f37cf38d3dae', 'PP-bfd3d71d-af2e-43f0-86b0-8f312b211000', 'Orthopedics', '+919511100000', '4668a0d0-a2ad-4d5a-99c8-18a2a4bf3dff', 'M.B.B.S, M.D', 'English', '4668a0d0-a2ad-4d5a-99c8-18a2a4bf3dff', '2023-08-07 17:02:31.691');
insert into PRACTITIONER (id, given_name, first_name, last_name, email, gender, sex, aadhaar_id, pan, passport_number, specialization, phone_number , primary_location, qualification, language, organization_id, last_updatedtime) values                        ('2ff785e8-35dd-4ae1-ae4e-2d5e1b1a9b7c', 'GivenName-7', 'FirstName-7', 'LastName-7', 'FirstName-7@practition.er', 'M', 'M', 'AADHAAR-462c7ae0-67bf-4f1c-8377-7f7a4a46af74', 'PAN-a2dc3f87-01a8-403a-a544-002e9d1fb0e8', 'PP-e64388f7-072e-472c-8e47-18fc40379497', 'Dermatology', '+919511100000', '97c9965f-76b8-4b42-a413-475b1182e356', 'M.B.B.S, M.D', 'English', '97c9965f-76b8-4b42-a413-475b1182e356', '2023-08-07 17:02:31.691');
insert into PRACTITIONER (id, given_name, first_name, last_name, email, gender, sex, aadhaar_id, pan, passport_number, specialization, phone_number , primary_location, qualification, language, organization_id, last_updatedtime) values                        ('b2fe11bd-4979-4e14-a55d-7717a1cfdc93', 'GivenName-8', 'FirstName-8', 'LastName-8', 'FirstName-8@practition.er', 'M', 'M', 'AADHAAR-e00928a3-0765-4bb2-9e27-7dda60ad0152', 'PAN-f9427d82-b9b9-4f48-9152-e0f4f0a466bc', 'PP-614655ca-72ab-4245-bf21-233e3cc25f2d', 'Paediatrics', '+919511100000', 'fa223ff9-6597-4743-bd51-6045663696f4', 'M.B.B.S, M.D', 'English', 'fa223ff9-6597-4743-bd51-6045663696f4', '2023-08-07 17:02:31.691');
insert into PRACTITIONER (id, given_name, first_name, last_name, email, gender, sex, aadhaar_id, pan, passport_number, specialization, phone_number , primary_location, qualification, language, organization_id, last_updatedtime) values                        ('78767e50-4083-4538-bdea-becbbce234c7', 'GivenName-9', 'FirstName-9', 'LastName-9', 'FirstName-9@practition.er', 'M', 'M', 'AADHAAR-1cf7ce22-00fe-4a6c-92a7-e34283e34534', 'PAN-9f0f04d3-e59b-498a-b9e8-ea8c5f8058d9', 'PP-da069d23-d295-4021-a506-e398f85394cb', 'Naturopathy', '+919511100000', '4668a0d0-a2ad-4d5a-99c8-18a2a4bf3dff', 'M.B.B.S, M.D', 'English', '4668a0d0-a2ad-4d5a-99c8-18a2a4bf3dff', '2023-08-07 17:02:31.691');
insert into ENCOUNTER (id, encounter_type, language , notes, history, patient_id, practitioner_id, participant_mode, care_episode, reason_code, reason_reference, diagnosis, procedure_code, location_id, status, service_provider_id, enc_start_time, enc_end_time, last_updatedtime) values                        ('bdc6c3f7-e824-4adb-9103-b32d072f8e25', 'RoutineCheckup', 'English', 'Notes notes notes ... for 0', 'History-0', 'c4dd2082-43f6-49e4-a1f5-1823eff0563c', '9357e93d-b335-48b9-b13c-35e106b9f799', 'Primary', 'HealthEvaluation-0', 'Reason Code...', 'Reason reference ...', 'Diagnosis-0', 'SNOWMED Code', 'fa223ff9-6597-4743-bd51-6045663696f4', 'Active', 'fa223ff9-6597-4743-bd51-6045663696f4', '2023-08-07 16:02:31.691', '2023-08-07 17:02:31.691', '2023-08-07 17:02:31.691');
insert into ENCOUNTER (id, encounter_type, language , notes, history, patient_id, practitioner_id, participant_mode, care_episode, reason_code, reason_reference, diagnosis, procedure_code, location_id, status, service_provider_id, enc_start_time, enc_end_time, last_updatedtime) values                        ('3bbb36be-e643-4f3f-a34a-3f467572e5d5', 'RoutineCheckup', 'English', 'Notes notes notes ... for 1', 'History-1', '7990b3a6-93a3-47d8-ba63-810c9a704f19', 'a16b54e4-6c69-4153-a1db-5e6b40f238c5', 'Primary', 'HealthEvaluation-1', 'Reason Code...', 'Reason reference ...', 'Diagnosis-1', 'SNOWMED Code', '4668a0d0-a2ad-4d5a-99c8-18a2a4bf3dff', 'Active', '4668a0d0-a2ad-4d5a-99c8-18a2a4bf3dff', '2023-08-07 16:02:31.691', '2023-08-07 17:02:31.691', '2023-08-07 17:02:31.691');
insert into ENCOUNTER (id, encounter_type, language , notes, history, patient_id, practitioner_id, participant_mode, care_episode, reason_code, reason_reference, diagnosis, procedure_code, location_id, status, service_provider_id, enc_start_time, enc_end_time, last_updatedtime) values                        ('c30aa975-fc42-4161-b2b9-57814df0c500', 'FollowUp', 'English', 'Notes notes notes ... for 2', 'History-2', 'f9683d47-3ef9-40a0-ba45-8405fbd3fe04', '2ff785e8-35dd-4ae1-ae4e-2d5e1b1a9b7c', 'Primary', 'HealthEvaluation-2', 'Reason Code...', 'Reason reference ...', 'Diagnosis-2', 'SNOWMED Code', '4668a0d0-a2ad-4d5a-99c8-18a2a4bf3dff', 'Active', '4668a0d0-a2ad-4d5a-99c8-18a2a4bf3dff', '2023-08-07 16:02:31.691', '2023-08-07 17:02:31.691', '2023-08-07 17:02:31.691');
insert into ENCOUNTER (id, encounter_type, language , notes, history, patient_id, practitioner_id, participant_mode, care_episode, reason_code, reason_reference, diagnosis, procedure_code, location_id, status, service_provider_id, enc_start_time, enc_end_time, last_updatedtime) values                        ('2a223144-84ed-43ff-b936-e9bcdf911092', 'Treatment', 'English', 'Notes notes notes ... for 3', 'History-3', 'c5b24186-86a8-4866-b009-afb92ad15f00', '162343b7-e0d6-4acb-be39-e237d3e4dc48', 'Primary', 'HealthEvaluation-3', 'Reason Code...', 'Reason reference ...', 'Diagnosis-3', 'SNOWMED Code', '97c9965f-76b8-4b42-a413-475b1182e356', 'Active', '97c9965f-76b8-4b42-a413-475b1182e356', '2023-08-07 16:02:31.691', '2023-08-07 17:02:31.691', '2023-08-07 17:02:31.691');
insert into ENCOUNTER (id, encounter_type, language , notes, history, patient_id, practitioner_id, participant_mode, care_episode, reason_code, reason_reference, diagnosis, procedure_code, location_id, status, service_provider_id, enc_start_time, enc_end_time, last_updatedtime) values                        ('4186fd2e-b684-4956-92d3-bd45de9aa9bf', 'Surgery', 'English', 'Notes notes notes ... for 4', 'History-4', 'c5b24186-86a8-4866-b009-afb92ad15f00', '874d8a0b-9dca-4917-b67b-2a6f3a5f9a53', 'Primary', 'HealthEvaluation-4', 'Reason Code...', 'Reason reference ...', 'Diagnosis-4', 'SNOWMED Code', '4668a0d0-a2ad-4d5a-99c8-18a2a4bf3dff', 'Active', '4668a0d0-a2ad-4d5a-99c8-18a2a4bf3dff', '2023-08-07 16:02:31.691', '2023-08-07 17:02:31.691', '2023-08-07 17:02:31.691');
insert into ENCOUNTER (id, encounter_type, language , notes, history, patient_id, practitioner_id, participant_mode, care_episode, reason_code, reason_reference, diagnosis, procedure_code, location_id, status, service_provider_id, enc_start_time, enc_end_time, last_updatedtime) values                        ('c6d57a2a-7b76-44f1-83d5-90eecd84818a', 'FollowUp', 'English', 'Notes notes notes ... for 5', 'History-5', 'c4dd2082-43f6-49e4-a1f5-1823eff0563c', 'b2fe11bd-4979-4e14-a55d-7717a1cfdc93', 'Primary', 'HealthEvaluation-5', 'Reason Code...', 'Reason reference ...', 'Diagnosis-5', 'SNOWMED Code', '4668a0d0-a2ad-4d5a-99c8-18a2a4bf3dff', 'Active', '4668a0d0-a2ad-4d5a-99c8-18a2a4bf3dff', '2023-08-07 16:02:31.691', '2023-08-07 17:02:31.691', '2023-08-07 17:02:31.691');
insert into ENCOUNTER (id, encounter_type, language , notes, history, patient_id, practitioner_id, participant_mode, care_episode, reason_code, reason_reference, diagnosis, procedure_code, location_id, status, service_provider_id, enc_start_time, enc_end_time, last_updatedtime) values                        ('900ffd2f-f7bb-4bd0-97eb-4f313b334806', 'RoutineCheckup', 'English', 'Notes notes notes ... for 6', 'History-6', 'f9683d47-3ef9-40a0-ba45-8405fbd3fe04', 'a16b54e4-6c69-4153-a1db-5e6b40f238c5', 'Primary', 'HealthEvaluation-6', 'Reason Code...', 'Reason reference ...', 'Diagnosis-6', 'SNOWMED Code', '4668a0d0-a2ad-4d5a-99c8-18a2a4bf3dff', 'Active', '4668a0d0-a2ad-4d5a-99c8-18a2a4bf3dff', '2023-08-07 16:02:31.691', '2023-08-07 17:02:31.691', '2023-08-07 17:02:31.691');
insert into ENCOUNTER (id, encounter_type, language , notes, history, patient_id, practitioner_id, participant_mode, care_episode, reason_code, reason_reference, diagnosis, procedure_code, location_id, status, service_provider_id, enc_start_time, enc_end_time, last_updatedtime) values                        ('22c8da2b-9056-4f37-bfc4-3979f8468a6e', 'RoutineCheckup', 'English', 'Notes notes notes ... for 7', 'History-7', 'c5b24186-86a8-4866-b009-afb92ad15f00', '78767e50-4083-4538-bdea-becbbce234c7', 'Primary', 'HealthEvaluation-7', 'Reason Code...', 'Reason reference ...', 'Diagnosis-7', 'SNOWMED Code', '4668a0d0-a2ad-4d5a-99c8-18a2a4bf3dff', 'Active', '4668a0d0-a2ad-4d5a-99c8-18a2a4bf3dff', '2023-08-07 16:02:31.691', '2023-08-07 17:02:31.691', '2023-08-07 17:02:31.691');
insert into ENCOUNTER (id, encounter_type, language , notes, history, patient_id, practitioner_id, participant_mode, care_episode, reason_code, reason_reference, diagnosis, procedure_code, location_id, status, service_provider_id, enc_start_time, enc_end_time, last_updatedtime) values                        ('b7f3ca6a-a884-47bf-84dc-b8b7dc2703cc', 'GeneralCheckup', 'English', 'Notes notes notes ... for 8', 'History-8', 'c4dd2082-43f6-49e4-a1f5-1823eff0563c', '874d8a0b-9dca-4917-b67b-2a6f3a5f9a53', 'Primary', 'HealthEvaluation-8', 'Reason Code...', 'Reason reference ...', 'Diagnosis-8', 'SNOWMED Code', '97c9965f-76b8-4b42-a413-475b1182e356', 'Active', '97c9965f-76b8-4b42-a413-475b1182e356', '2023-08-07 16:02:31.691', '2023-08-07 17:02:31.691', '2023-08-07 17:02:31.691');
insert into ENCOUNTER (id, encounter_type, language , notes, history, patient_id, practitioner_id, participant_mode, care_episode, reason_code, reason_reference, diagnosis, procedure_code, location_id, status, service_provider_id, enc_start_time, enc_end_time, last_updatedtime) values                        ('92b7ba6b-6ff4-4023-813a-2a49af1313f0', 'Treatment', 'English', 'Notes notes notes ... for 9', 'History-9', 'c5b24186-86a8-4866-b009-afb92ad15f00', '87f74408-31a4-40d7-a0fa-197c5a82008e', 'Primary', 'HealthEvaluation-9', 'Reason Code...', 'Reason reference ...', 'Diagnosis-9', 'SNOWMED Code', '97c9965f-76b8-4b42-a413-475b1182e356', 'Active', '97c9965f-76b8-4b42-a413-475b1182e356', '2023-08-07 16:02:31.691', '2023-08-07 17:02:31.691', '2023-08-07 17:02:31.691');
insert into ENCOUNTER (id, encounter_type, language , notes, history, patient_id, practitioner_id, participant_mode, care_episode, reason_code, reason_reference, diagnosis, procedure_code, location_id, status, service_provider_id, enc_start_time, enc_end_time, last_updatedtime) values                        ('daf6d3b8-56b7-41f0-8a7c-99c3bc00adbc', 'RoutineCheckup', 'English', 'Notes notes notes ... for 10', 'History-10', 'f9683d47-3ef9-40a0-ba45-8405fbd3fe04', '17620460-3ec5-4c2c-bd33-52d546679903', 'Primary', 'HealthEvaluation-10', 'Reason Code...', 'Reason reference ...', 'Diagnosis-10', 'SNOWMED Code', '781bdb23-96ef-4a24-89bb-cc11201ad8e6', 'Active', '781bdb23-96ef-4a24-89bb-cc11201ad8e6', '2023-08-07 16:02:31.691', '2023-08-07 17:02:31.691', '2023-08-07 17:02:31.691');
insert into ENCOUNTER (id, encounter_type, language , notes, history, patient_id, practitioner_id, participant_mode, care_episode, reason_code, reason_reference, diagnosis, procedure_code, location_id, status, service_provider_id, enc_start_time, enc_end_time, last_updatedtime) values                        ('e53f200f-b853-428a-8b9a-014b1fa82864', 'RoutineCheckup', 'English', 'Notes notes notes ... for 11', 'History-11', 'c5b24186-86a8-4866-b009-afb92ad15f00', '4d8d6470-2fc5-4c6b-9ca3-2e62da145b40', 'Primary', 'HealthEvaluation-11', 'Reason Code...', 'Reason reference ...', 'Diagnosis-11', 'SNOWMED Code', 'fa223ff9-6597-4743-bd51-6045663696f4', 'Active', 'fa223ff9-6597-4743-bd51-6045663696f4', '2023-08-07 16:02:31.691', '2023-08-07 17:02:31.691', '2023-08-07 17:02:31.691');
insert into ENCOUNTER (id, encounter_type, language , notes, history, patient_id, practitioner_id, participant_mode, care_episode, reason_code, reason_reference, diagnosis, procedure_code, location_id, status, service_provider_id, enc_start_time, enc_end_time, last_updatedtime) values                        ('864d1a82-d7d3-494b-bd78-8103dc854ba5', 'RoutineCheckup', 'English', 'Notes notes notes ... for 12', 'History-12', 'c4dd2082-43f6-49e4-a1f5-1823eff0563c', '4d8d6470-2fc5-4c6b-9ca3-2e62da145b40', 'Primary', 'HealthEvaluation-12', 'Reason Code...', 'Reason reference ...', 'Diagnosis-12', 'SNOWMED Code', '97c9965f-76b8-4b42-a413-475b1182e356', 'Active', '97c9965f-76b8-4b42-a413-475b1182e356', '2023-08-07 16:02:31.691', '2023-08-07 17:02:31.691', '2023-08-07 17:02:31.691');
insert into ENCOUNTER (id, encounter_type, language , notes, history, patient_id, practitioner_id, participant_mode, care_episode, reason_code, reason_reference, diagnosis, procedure_code, location_id, status, service_provider_id, enc_start_time, enc_end_time, last_updatedtime) values                        ('4cecf7f1-907e-40fa-afbd-4d62a00ee082', 'Treatment', 'English', 'Notes notes notes ... for 13', 'History-13', 'c5b24186-86a8-4866-b009-afb92ad15f00', 'b2fe11bd-4979-4e14-a55d-7717a1cfdc93', 'Primary', 'HealthEvaluation-13', 'Reason Code...', 'Reason reference ...', 'Diagnosis-13', 'SNOWMED Code', '4668a0d0-a2ad-4d5a-99c8-18a2a4bf3dff', 'Active', '4668a0d0-a2ad-4d5a-99c8-18a2a4bf3dff', '2023-08-07 16:02:31.691', '2023-08-07 17:02:31.691', '2023-08-07 17:02:31.691');
insert into ENCOUNTER (id, encounter_type, language , notes, history, patient_id, practitioner_id, participant_mode, care_episode, reason_code, reason_reference, diagnosis, procedure_code, location_id, status, service_provider_id, enc_start_time, enc_end_time, last_updatedtime) values                        ('c59804a1-1c9c-4c5b-8ca1-fa2a7a69548c', 'Treatment', 'English', 'Notes notes notes ... for 14', 'History-14', 'c4dd2082-43f6-49e4-a1f5-1823eff0563c', '78767e50-4083-4538-bdea-becbbce234c7', 'Primary', 'HealthEvaluation-14', 'Reason Code...', 'Reason reference ...', 'Diagnosis-14', 'SNOWMED Code', '4668a0d0-a2ad-4d5a-99c8-18a2a4bf3dff', 'Active', '4668a0d0-a2ad-4d5a-99c8-18a2a4bf3dff', '2023-08-07 16:02:31.691', '2023-08-07 17:02:31.691', '2023-08-07 17:02:31.691');
insert into ENCOUNTER (id, encounter_type, language , notes, history, patient_id, practitioner_id, participant_mode, care_episode, reason_code, reason_reference, diagnosis, procedure_code, location_id, status, service_provider_id, enc_start_time, enc_end_time, last_updatedtime) values                        ('0750740f-b4b9-462b-9064-64e65e484d77', 'FollowUp', 'English', 'Notes notes notes ... for 15', 'History-15', 'c4dd2082-43f6-49e4-a1f5-1823eff0563c', '874d8a0b-9dca-4917-b67b-2a6f3a5f9a53', 'Primary', 'HealthEvaluation-15', 'Reason Code...', 'Reason reference ...', 'Diagnosis-15', 'SNOWMED Code', '97c9965f-76b8-4b42-a413-475b1182e356', 'Active', '97c9965f-76b8-4b42-a413-475b1182e356', '2023-08-07 16:02:31.691', '2023-08-07 17:02:31.691', '2023-08-07 17:02:31.691');
insert into ENCOUNTER (id, encounter_type, language , notes, history, patient_id, practitioner_id, participant_mode, care_episode, reason_code, reason_reference, diagnosis, procedure_code, location_id, status, service_provider_id, enc_start_time, enc_end_time, last_updatedtime) values                        ('116f4c92-366a-4b4a-a08f-90cbfe7550b3', 'Surgery', 'English', 'Notes notes notes ... for 16', 'History-16', 'f9683d47-3ef9-40a0-ba45-8405fbd3fe04', '162343b7-e0d6-4acb-be39-e237d3e4dc48', 'Primary', 'HealthEvaluation-16', 'Reason Code...', 'Reason reference ...', 'Diagnosis-16', 'SNOWMED Code', '781bdb23-96ef-4a24-89bb-cc11201ad8e6', 'Active', '781bdb23-96ef-4a24-89bb-cc11201ad8e6', '2023-08-07 16:02:31.691', '2023-08-07 17:02:31.691', '2023-08-07 17:02:31.691');
insert into ENCOUNTER (id, encounter_type, language , notes, history, patient_id, practitioner_id, participant_mode, care_episode, reason_code, reason_reference, diagnosis, procedure_code, location_id, status, service_provider_id, enc_start_time, enc_end_time, last_updatedtime) values                        ('84a11016-01b0-4751-a379-7a3f541d32d2', 'Surgery', 'English', 'Notes notes notes ... for 17', 'History-17', 'c4dd2082-43f6-49e4-a1f5-1823eff0563c', '17620460-3ec5-4c2c-bd33-52d546679903', 'Primary', 'HealthEvaluation-17', 'Reason Code...', 'Reason reference ...', 'Diagnosis-17', 'SNOWMED Code', '781bdb23-96ef-4a24-89bb-cc11201ad8e6', 'Active', '781bdb23-96ef-4a24-89bb-cc11201ad8e6', '2023-08-07 16:02:31.691', '2023-08-07 17:02:31.691', '2023-08-07 17:02:31.691');
insert into ENCOUNTER (id, encounter_type, language , notes, history, patient_id, practitioner_id, participant_mode, care_episode, reason_code, reason_reference, diagnosis, procedure_code, location_id, status, service_provider_id, enc_start_time, enc_end_time, last_updatedtime) values                        ('2359a280-fb75-442d-bb6a-910733b34823', 'RoutineCheckup', 'English', 'Notes notes notes ... for 18', 'History-18', 'c4dd2082-43f6-49e4-a1f5-1823eff0563c', '162343b7-e0d6-4acb-be39-e237d3e4dc48', 'Primary', 'HealthEvaluation-18', 'Reason Code...', 'Reason reference ...', 'Diagnosis-18', 'SNOWMED Code', '781bdb23-96ef-4a24-89bb-cc11201ad8e6', 'Active', '781bdb23-96ef-4a24-89bb-cc11201ad8e6', '2023-08-07 16:02:31.691', '2023-08-07 17:02:31.691', '2023-08-07 17:02:31.691');
insert into ENCOUNTER (id, encounter_type, language , notes, history, patient_id, practitioner_id, participant_mode, care_episode, reason_code, reason_reference, diagnosis, procedure_code, location_id, status, service_provider_id, enc_start_time, enc_end_time, last_updatedtime) values                        ('02de9e81-eb74-4527-bc40-9391e61ac7f0', 'Treatment', 'English', 'Notes notes notes ... for 19', 'History-19', 'c4dd2082-43f6-49e4-a1f5-1823eff0563c', '2ff785e8-35dd-4ae1-ae4e-2d5e1b1a9b7c', 'Primary', 'HealthEvaluation-19', 'Reason Code...', 'Reason reference ...', 'Diagnosis-19', 'SNOWMED Code', '97c9965f-76b8-4b42-a413-475b1182e356', 'Active', '97c9965f-76b8-4b42-a413-475b1182e356', '2023-08-07 16:02:31.691', '2023-08-07 17:02:31.691', '2023-08-07 17:02:31.691');
insert into ENCOUNTER (id, encounter_type, language , notes, history, patient_id, practitioner_id, participant_mode, care_episode, reason_code, reason_reference, diagnosis, procedure_code, location_id, status, service_provider_id, enc_start_time, enc_end_time, last_updatedtime) values                        ('ee64b1c6-b98e-42e9-b271-367c8b6776e0', 'RoutineCheckup', 'English', 'Notes notes notes ... for 20', 'History-20', '7990b3a6-93a3-47d8-ba63-810c9a704f19', '17620460-3ec5-4c2c-bd33-52d546679903', 'Primary', 'HealthEvaluation-20', 'Reason Code...', 'Reason reference ...', 'Diagnosis-20', 'SNOWMED Code', '781bdb23-96ef-4a24-89bb-cc11201ad8e6', 'Active', '781bdb23-96ef-4a24-89bb-cc11201ad8e6', '2023-08-07 16:02:31.691', '2023-08-07 17:02:31.691', '2023-08-07 17:02:31.691');
insert into ENCOUNTER (id, encounter_type, language , notes, history, patient_id, practitioner_id, participant_mode, care_episode, reason_code, reason_reference, diagnosis, procedure_code, location_id, status, service_provider_id, enc_start_time, enc_end_time, last_updatedtime) values                        ('906fbf56-9895-4abb-9b2f-70c01ad0ba5b', 'GeneralCheckup', 'English', 'Notes notes notes ... for 21', 'History-21', 'c4dd2082-43f6-49e4-a1f5-1823eff0563c', '17620460-3ec5-4c2c-bd33-52d546679903', 'Primary', 'HealthEvaluation-21', 'Reason Code...', 'Reason reference ...', 'Diagnosis-21', 'SNOWMED Code', '97c9965f-76b8-4b42-a413-475b1182e356', 'Active', '97c9965f-76b8-4b42-a413-475b1182e356', '2023-08-07 16:02:31.691', '2023-08-07 17:02:31.691', '2023-08-07 17:02:31.691');
insert into ENCOUNTER (id, encounter_type, language , notes, history, patient_id, practitioner_id, participant_mode, care_episode, reason_code, reason_reference, diagnosis, procedure_code, location_id, status, service_provider_id, enc_start_time, enc_end_time, last_updatedtime) values                        ('7bc82e27-86d5-4a71-9255-e324e8724f71', 'Surgery', 'English', 'Notes notes notes ... for 22', 'History-22', '7990b3a6-93a3-47d8-ba63-810c9a704f19', '9357e93d-b335-48b9-b13c-35e106b9f799', 'Primary', 'HealthEvaluation-22', 'Reason Code...', 'Reason reference ...', 'Diagnosis-22', 'SNOWMED Code', '97c9965f-76b8-4b42-a413-475b1182e356', 'Active', '97c9965f-76b8-4b42-a413-475b1182e356', '2023-08-07 16:02:31.691', '2023-08-07 17:02:31.691', '2023-08-07 17:02:31.691');
insert into ENCOUNTER (id, encounter_type, language , notes, history, patient_id, practitioner_id, participant_mode, care_episode, reason_code, reason_reference, diagnosis, procedure_code, location_id, status, service_provider_id, enc_start_time, enc_end_time, last_updatedtime) values                        ('4dfc1b75-84e0-416d-898d-580b5f138ff1', 'Surgery', 'English', 'Notes notes notes ... for 23', 'History-23', 'c5b24186-86a8-4866-b009-afb92ad15f00', '874d8a0b-9dca-4917-b67b-2a6f3a5f9a53', 'Primary', 'HealthEvaluation-23', 'Reason Code...', 'Reason reference ...', 'Diagnosis-23', 'SNOWMED Code', '4668a0d0-a2ad-4d5a-99c8-18a2a4bf3dff', 'Active', '4668a0d0-a2ad-4d5a-99c8-18a2a4bf3dff', '2023-08-07 16:02:31.691', '2023-08-07 17:02:31.691', '2023-08-07 17:02:31.691');
insert into ENCOUNTER (id, encounter_type, language , notes, history, patient_id, practitioner_id, participant_mode, care_episode, reason_code, reason_reference, diagnosis, procedure_code, location_id, status, service_provider_id, enc_start_time, enc_end_time, last_updatedtime) values                        ('ffdae64a-7faa-4226-9c8f-95e0a6943907', 'FollowUp', 'English', 'Notes notes notes ... for 24', 'History-24', 'f9683d47-3ef9-40a0-ba45-8405fbd3fe04', '87f74408-31a4-40d7-a0fa-197c5a82008e', 'Primary', 'HealthEvaluation-24', 'Reason Code...', 'Reason reference ...', 'Diagnosis-24', 'SNOWMED Code', '4668a0d0-a2ad-4d5a-99c8-18a2a4bf3dff', 'Active', '4668a0d0-a2ad-4d5a-99c8-18a2a4bf3dff', '2023-08-07 16:02:31.691', '2023-08-07 17:02:31.691', '2023-08-07 17:02:31.691');
insert into ENCOUNTER (id, encounter_type, language , notes, history, patient_id, practitioner_id, participant_mode, care_episode, reason_code, reason_reference, diagnosis, procedure_code, location_id, status, service_provider_id, enc_start_time, enc_end_time, last_updatedtime) values                        ('167ff029-5a36-45e8-9b67-6720336b2fa5', 'RoutineCheckup', 'English', 'Notes notes notes ... for 25', 'History-25', 'c4dd2082-43f6-49e4-a1f5-1823eff0563c', '2ff785e8-35dd-4ae1-ae4e-2d5e1b1a9b7c', 'Primary', 'HealthEvaluation-25', 'Reason Code...', 'Reason reference ...', 'Diagnosis-25', 'SNOWMED Code', '97c9965f-76b8-4b42-a413-475b1182e356', 'Active', '97c9965f-76b8-4b42-a413-475b1182e356', '2023-08-07 16:02:31.691', '2023-08-07 17:02:31.691', '2023-08-07 17:02:31.691');
insert into ENCOUNTER (id, encounter_type, language , notes, history, patient_id, practitioner_id, participant_mode, care_episode, reason_code, reason_reference, diagnosis, procedure_code, location_id, status, service_provider_id, enc_start_time, enc_end_time, last_updatedtime) values                        ('5d319fcc-ec2b-423d-9a5f-6e06afebcddf', 'Treatment', 'English', 'Notes notes notes ... for 26', 'History-26', 'c5b24186-86a8-4866-b009-afb92ad15f00', '9357e93d-b335-48b9-b13c-35e106b9f799', 'Primary', 'HealthEvaluation-26', 'Reason Code...', 'Reason reference ...', 'Diagnosis-26', 'SNOWMED Code', '781bdb23-96ef-4a24-89bb-cc11201ad8e6', 'Active', '781bdb23-96ef-4a24-89bb-cc11201ad8e6', '2023-08-07 16:02:31.691', '2023-08-07 17:02:31.691', '2023-08-07 17:02:31.691');
insert into ENCOUNTER (id, encounter_type, language , notes, history, patient_id, practitioner_id, participant_mode, care_episode, reason_code, reason_reference, diagnosis, procedure_code, location_id, status, service_provider_id, enc_start_time, enc_end_time, last_updatedtime) values                        ('07f9108f-3d86-4075-b5db-1041280fbeb7', 'Treatment', 'English', 'Notes notes notes ... for 27', 'History-27', 'c5b24186-86a8-4866-b009-afb92ad15f00', 'b2fe11bd-4979-4e14-a55d-7717a1cfdc93', 'Primary', 'HealthEvaluation-27', 'Reason Code...', 'Reason reference ...', 'Diagnosis-27', 'SNOWMED Code', '781bdb23-96ef-4a24-89bb-cc11201ad8e6', 'Active', '781bdb23-96ef-4a24-89bb-cc11201ad8e6', '2023-08-07 16:02:31.691', '2023-08-07 17:02:31.691', '2023-08-07 17:02:31.691');
insert into ENCOUNTER (id, encounter_type, language , notes, history, patient_id, practitioner_id, participant_mode, care_episode, reason_code, reason_reference, diagnosis, procedure_code, location_id, status, service_provider_id, enc_start_time, enc_end_time, last_updatedtime) values                        ('d4f91927-dbd5-42b4-99c1-a0bd6075d81c', 'Surgery', 'English', 'Notes notes notes ... for 28', 'History-28', 'c5b24186-86a8-4866-b009-afb92ad15f00', '9357e93d-b335-48b9-b13c-35e106b9f799', 'Primary', 'HealthEvaluation-28', 'Reason Code...', 'Reason reference ...', 'Diagnosis-28', 'SNOWMED Code', 'fa223ff9-6597-4743-bd51-6045663696f4', 'Active', 'fa223ff9-6597-4743-bd51-6045663696f4', '2023-08-07 16:02:31.691', '2023-08-07 17:02:31.691', '2023-08-07 17:02:31.691');
insert into ENCOUNTER (id, encounter_type, language , notes, history, patient_id, practitioner_id, participant_mode, care_episode, reason_code, reason_reference, diagnosis, procedure_code, location_id, status, service_provider_id, enc_start_time, enc_end_time, last_updatedtime) values                        ('927ce1ee-083a-4611-9d78-b6c422d0b66b', 'Treatment', 'English', 'Notes notes notes ... for 29', 'History-29', 'c5b24186-86a8-4866-b009-afb92ad15f00', 'a16b54e4-6c69-4153-a1db-5e6b40f238c5', 'Primary', 'HealthEvaluation-29', 'Reason Code...', 'Reason reference ...', 'Diagnosis-29', 'SNOWMED Code', '781bdb23-96ef-4a24-89bb-cc11201ad8e6', 'Active', '781bdb23-96ef-4a24-89bb-cc11201ad8e6', '2023-08-07 16:02:31.691', '2023-08-07 17:02:31.691', '2023-08-07 17:02:31.691');
insert into ENCOUNTER (id, encounter_type, language , notes, history, patient_id, practitioner_id, participant_mode, care_episode, reason_code, reason_reference, diagnosis, procedure_code, location_id, status, service_provider_id, enc_start_time, enc_end_time, last_updatedtime) values                        ('e245e6cf-8462-4927-a8fd-1a7b237f7166', 'FollowUp', 'English', 'Notes notes notes ... for 30', 'History-30', 'c4dd2082-43f6-49e4-a1f5-1823eff0563c', '87f74408-31a4-40d7-a0fa-197c5a82008e', 'Primary', 'HealthEvaluation-30', 'Reason Code...', 'Reason reference ...', 'Diagnosis-30', 'SNOWMED Code', '97c9965f-76b8-4b42-a413-475b1182e356', 'Active', '97c9965f-76b8-4b42-a413-475b1182e356', '2023-08-07 16:02:31.691', '2023-08-07 17:02:31.691', '2023-08-07 17:02:31.691');
insert into ENCOUNTER (id, encounter_type, language , notes, history, patient_id, practitioner_id, participant_mode, care_episode, reason_code, reason_reference, diagnosis, procedure_code, location_id, status, service_provider_id, enc_start_time, enc_end_time, last_updatedtime) values                        ('d24505bf-c973-49ff-be89-6285bc743107', 'Treatment', 'English', 'Notes notes notes ... for 31', 'History-31', 'f9683d47-3ef9-40a0-ba45-8405fbd3fe04', 'b2fe11bd-4979-4e14-a55d-7717a1cfdc93', 'Primary', 'HealthEvaluation-31', 'Reason Code...', 'Reason reference ...', 'Diagnosis-31', 'SNOWMED Code', '4668a0d0-a2ad-4d5a-99c8-18a2a4bf3dff', 'Active', '4668a0d0-a2ad-4d5a-99c8-18a2a4bf3dff', '2023-08-07 16:02:31.691', '2023-08-07 17:02:31.691', '2023-08-07 17:02:31.691');
insert into ENCOUNTER (id, encounter_type, language , notes, history, patient_id, practitioner_id, participant_mode, care_episode, reason_code, reason_reference, diagnosis, procedure_code, location_id, status, service_provider_id, enc_start_time, enc_end_time, last_updatedtime) values                        ('f655efd1-79c3-4622-8343-8797c4223cc6', 'FollowUp', 'English', 'Notes notes notes ... for 32', 'History-32', 'f9683d47-3ef9-40a0-ba45-8405fbd3fe04', 'b2fe11bd-4979-4e14-a55d-7717a1cfdc93', 'Primary', 'HealthEvaluation-32', 'Reason Code...', 'Reason reference ...', 'Diagnosis-32', 'SNOWMED Code', '4668a0d0-a2ad-4d5a-99c8-18a2a4bf3dff', 'Active', '4668a0d0-a2ad-4d5a-99c8-18a2a4bf3dff', '2023-08-07 16:02:31.691', '2023-08-07 17:02:31.691', '2023-08-07 17:02:31.691');
insert into ENCOUNTER (id, encounter_type, language , notes, history, patient_id, practitioner_id, participant_mode, care_episode, reason_code, reason_reference, diagnosis, procedure_code, location_id, status, service_provider_id, enc_start_time, enc_end_time, last_updatedtime) values                        ('85afb4dc-1db3-4a14-8598-3f20cb778c57', 'FollowUp', 'English', 'Notes notes notes ... for 33', 'History-33', 'c5b24186-86a8-4866-b009-afb92ad15f00', '874d8a0b-9dca-4917-b67b-2a6f3a5f9a53', 'Primary', 'HealthEvaluation-33', 'Reason Code...', 'Reason reference ...', 'Diagnosis-33', 'SNOWMED Code', '781bdb23-96ef-4a24-89bb-cc11201ad8e6', 'Active', '781bdb23-96ef-4a24-89bb-cc11201ad8e6', '2023-08-07 16:02:31.691', '2023-08-07 17:02:31.691', '2023-08-07 17:02:31.691');
insert into ENCOUNTER (id, encounter_type, language , notes, history, patient_id, practitioner_id, participant_mode, care_episode, reason_code, reason_reference, diagnosis, procedure_code, location_id, status, service_provider_id, enc_start_time, enc_end_time, last_updatedtime) values                        ('52938242-7afd-4733-835c-7da2e6e476fe', 'Treatment', 'English', 'Notes notes notes ... for 34', 'History-34', '7990b3a6-93a3-47d8-ba63-810c9a704f19', '9357e93d-b335-48b9-b13c-35e106b9f799', 'Primary', 'HealthEvaluation-34', 'Reason Code...', 'Reason reference ...', 'Diagnosis-34', 'SNOWMED Code', '781bdb23-96ef-4a24-89bb-cc11201ad8e6', 'Active', '781bdb23-96ef-4a24-89bb-cc11201ad8e6', '2023-08-07 16:02:31.691', '2023-08-07 17:02:31.691', '2023-08-07 17:02:31.691');
insert into ENCOUNTER (id, encounter_type, language , notes, history, patient_id, practitioner_id, participant_mode, care_episode, reason_code, reason_reference, diagnosis, procedure_code, location_id, status, service_provider_id, enc_start_time, enc_end_time, last_updatedtime) values                        ('490f1424-3e00-4843-bd73-efb32764d914', 'GeneralCheckup', 'English', 'Notes notes notes ... for 35', 'History-35', 'f9683d47-3ef9-40a0-ba45-8405fbd3fe04', '4d8d6470-2fc5-4c6b-9ca3-2e62da145b40', 'Primary', 'HealthEvaluation-35', 'Reason Code...', 'Reason reference ...', 'Diagnosis-35', 'SNOWMED Code', '4668a0d0-a2ad-4d5a-99c8-18a2a4bf3dff', 'Active', '4668a0d0-a2ad-4d5a-99c8-18a2a4bf3dff', '2023-08-07 16:02:31.691', '2023-08-07 17:02:31.691', '2023-08-07 17:02:31.691');
insert into ENCOUNTER (id, encounter_type, language , notes, history, patient_id, practitioner_id, participant_mode, care_episode, reason_code, reason_reference, diagnosis, procedure_code, location_id, status, service_provider_id, enc_start_time, enc_end_time, last_updatedtime) values                        ('0a86bd75-d9aa-4b99-b1b2-16062c63328f', 'FollowUp', 'English', 'Notes notes notes ... for 36', 'History-36', 'c4dd2082-43f6-49e4-a1f5-1823eff0563c', 'a16b54e4-6c69-4153-a1db-5e6b40f238c5', 'Primary', 'HealthEvaluation-36', 'Reason Code...', 'Reason reference ...', 'Diagnosis-36', 'SNOWMED Code', '781bdb23-96ef-4a24-89bb-cc11201ad8e6', 'Active', '781bdb23-96ef-4a24-89bb-cc11201ad8e6', '2023-08-07 16:02:31.691', '2023-08-07 17:02:31.691', '2023-08-07 17:02:31.691');
insert into ENCOUNTER (id, encounter_type, language , notes, history, patient_id, practitioner_id, participant_mode, care_episode, reason_code, reason_reference, diagnosis, procedure_code, location_id, status, service_provider_id, enc_start_time, enc_end_time, last_updatedtime) values                        ('56d8cd4e-4fd9-4212-953b-f2fbfa03d1b2', 'RoutineCheckup', 'English', 'Notes notes notes ... for 37', 'History-37', '7990b3a6-93a3-47d8-ba63-810c9a704f19', '162343b7-e0d6-4acb-be39-e237d3e4dc48', 'Primary', 'HealthEvaluation-37', 'Reason Code...', 'Reason reference ...', 'Diagnosis-37', 'SNOWMED Code', '4668a0d0-a2ad-4d5a-99c8-18a2a4bf3dff', 'Active', '4668a0d0-a2ad-4d5a-99c8-18a2a4bf3dff', '2023-08-07 16:02:31.691', '2023-08-07 17:02:31.691', '2023-08-07 17:02:31.691');
insert into ENCOUNTER (id, encounter_type, language , notes, history, patient_id, practitioner_id, participant_mode, care_episode, reason_code, reason_reference, diagnosis, procedure_code, location_id, status, service_provider_id, enc_start_time, enc_end_time, last_updatedtime) values                        ('5051e24f-892a-4112-af82-cc307accdd95', 'GeneralCheckup', 'English', 'Notes notes notes ... for 38', 'History-38', 'c4dd2082-43f6-49e4-a1f5-1823eff0563c', 'a16b54e4-6c69-4153-a1db-5e6b40f238c5', 'Primary', 'HealthEvaluation-38', 'Reason Code...', 'Reason reference ...', 'Diagnosis-38', 'SNOWMED Code', '781bdb23-96ef-4a24-89bb-cc11201ad8e6', 'Active', '781bdb23-96ef-4a24-89bb-cc11201ad8e6', '2023-08-07 16:02:31.691', '2023-08-07 17:02:31.691', '2023-08-07 17:02:31.691');
insert into ENCOUNTER (id, encounter_type, language , notes, history, patient_id, practitioner_id, participant_mode, care_episode, reason_code, reason_reference, diagnosis, procedure_code, location_id, status, service_provider_id, enc_start_time, enc_end_time, last_updatedtime) values                        ('303fcb91-d7a9-40ba-809a-38b997d94027', 'RoutineCheckup', 'English', 'Notes notes notes ... for 39', 'History-39', 'c5b24186-86a8-4866-b009-afb92ad15f00', '4d8d6470-2fc5-4c6b-9ca3-2e62da145b40', 'Primary', 'HealthEvaluation-39', 'Reason Code...', 'Reason reference ...', 'Diagnosis-39', 'SNOWMED Code', '97c9965f-76b8-4b42-a413-475b1182e356', 'Active', '97c9965f-76b8-4b42-a413-475b1182e356', '2023-08-07 16:02:31.691', '2023-08-07 17:02:31.691', '2023-08-07 17:02:31.691');
insert into ENCOUNTER (id, encounter_type, language , notes, history, patient_id, practitioner_id, participant_mode, care_episode, reason_code, reason_reference, diagnosis, procedure_code, location_id, status, service_provider_id, enc_start_time, enc_end_time, last_updatedtime) values                        ('ee276918-005e-4731-82ad-b514b7a8e2e8', 'RoutineCheckup', 'English', 'Notes notes notes ... for 40', 'History-40', '7990b3a6-93a3-47d8-ba63-810c9a704f19', '17620460-3ec5-4c2c-bd33-52d546679903', 'Primary', 'HealthEvaluation-40', 'Reason Code...', 'Reason reference ...', 'Diagnosis-40', 'SNOWMED Code', '4668a0d0-a2ad-4d5a-99c8-18a2a4bf3dff', 'Active', '4668a0d0-a2ad-4d5a-99c8-18a2a4bf3dff', '2023-08-07 16:02:31.691', '2023-08-07 17:02:31.691', '2023-08-07 17:02:31.691');
insert into ENCOUNTER (id, encounter_type, language , notes, history, patient_id, practitioner_id, participant_mode, care_episode, reason_code, reason_reference, diagnosis, procedure_code, location_id, status, service_provider_id, enc_start_time, enc_end_time, last_updatedtime) values                        ('40705d0a-ec1c-45a2-bd6f-a13f66a0ca62', 'GeneralCheckup', 'English', 'Notes notes notes ... for 41', 'History-41', '7990b3a6-93a3-47d8-ba63-810c9a704f19', '2ff785e8-35dd-4ae1-ae4e-2d5e1b1a9b7c', 'Primary', 'HealthEvaluation-41', 'Reason Code...', 'Reason reference ...', 'Diagnosis-41', 'SNOWMED Code', 'fa223ff9-6597-4743-bd51-6045663696f4', 'Active', 'fa223ff9-6597-4743-bd51-6045663696f4', '2023-08-07 16:02:31.691', '2023-08-07 17:02:31.691', '2023-08-07 17:02:31.691');
insert into ENCOUNTER (id, encounter_type, language , notes, history, patient_id, practitioner_id, participant_mode, care_episode, reason_code, reason_reference, diagnosis, procedure_code, location_id, status, service_provider_id, enc_start_time, enc_end_time, last_updatedtime) values                        ('47082b48-aa74-4586-b01b-c7a77f6c4d03', 'Treatment', 'English', 'Notes notes notes ... for 42', 'History-42', 'c5b24186-86a8-4866-b009-afb92ad15f00', '2ff785e8-35dd-4ae1-ae4e-2d5e1b1a9b7c', 'Primary', 'HealthEvaluation-42', 'Reason Code...', 'Reason reference ...', 'Diagnosis-42', 'SNOWMED Code', '4668a0d0-a2ad-4d5a-99c8-18a2a4bf3dff', 'Active', '4668a0d0-a2ad-4d5a-99c8-18a2a4bf3dff', '2023-08-07 16:02:31.691', '2023-08-07 17:02:31.691', '2023-08-07 17:02:31.691');
insert into ENCOUNTER (id, encounter_type, language , notes, history, patient_id, practitioner_id, participant_mode, care_episode, reason_code, reason_reference, diagnosis, procedure_code, location_id, status, service_provider_id, enc_start_time, enc_end_time, last_updatedtime) values                        ('410688c5-2372-4d17-a248-77964da46e3d', 'Treatment', 'English', 'Notes notes notes ... for 43', 'History-43', 'c5b24186-86a8-4866-b009-afb92ad15f00', '874d8a0b-9dca-4917-b67b-2a6f3a5f9a53', 'Primary', 'HealthEvaluation-43', 'Reason Code...', 'Reason reference ...', 'Diagnosis-43', 'SNOWMED Code', '97c9965f-76b8-4b42-a413-475b1182e356', 'Active', '97c9965f-76b8-4b42-a413-475b1182e356', '2023-08-07 16:02:31.691', '2023-08-07 17:02:31.691', '2023-08-07 17:02:31.691');
insert into ENCOUNTER (id, encounter_type, language , notes, history, patient_id, practitioner_id, participant_mode, care_episode, reason_code, reason_reference, diagnosis, procedure_code, location_id, status, service_provider_id, enc_start_time, enc_end_time, last_updatedtime) values                        ('874d6835-912e-4fb6-bbb8-c9e79d3cd905', 'Treatment', 'English', 'Notes notes notes ... for 44', 'History-44', 'f9683d47-3ef9-40a0-ba45-8405fbd3fe04', '4d8d6470-2fc5-4c6b-9ca3-2e62da145b40', 'Primary', 'HealthEvaluation-44', 'Reason Code...', 'Reason reference ...', 'Diagnosis-44', 'SNOWMED Code', 'fa223ff9-6597-4743-bd51-6045663696f4', 'Active', 'fa223ff9-6597-4743-bd51-6045663696f4', '2023-08-07 16:02:31.691', '2023-08-07 17:02:31.691', '2023-08-07 17:02:31.691');
insert into ENCOUNTER (id, encounter_type, language , notes, history, patient_id, practitioner_id, participant_mode, care_episode, reason_code, reason_reference, diagnosis, procedure_code, location_id, status, service_provider_id, enc_start_time, enc_end_time, last_updatedtime) values                        ('eac8bd6a-9b14-4160-8764-562928c0ac9b', 'RoutineCheckup', 'English', 'Notes notes notes ... for 45', 'History-45', 'c5b24186-86a8-4866-b009-afb92ad15f00', '87f74408-31a4-40d7-a0fa-197c5a82008e', 'Primary', 'HealthEvaluation-45', 'Reason Code...', 'Reason reference ...', 'Diagnosis-45', 'SNOWMED Code', '97c9965f-76b8-4b42-a413-475b1182e356', 'Active', '97c9965f-76b8-4b42-a413-475b1182e356', '2023-08-07 16:02:31.691', '2023-08-07 17:02:31.691', '2023-08-07 17:02:31.691');
insert into ENCOUNTER (id, encounter_type, language , notes, history, patient_id, practitioner_id, participant_mode, care_episode, reason_code, reason_reference, diagnosis, procedure_code, location_id, status, service_provider_id, enc_start_time, enc_end_time, last_updatedtime) values                        ('d551fffe-e458-473c-96e0-0fd5fa4fee3c', 'FollowUp', 'English', 'Notes notes notes ... for 46', 'History-46', 'f9683d47-3ef9-40a0-ba45-8405fbd3fe04', '162343b7-e0d6-4acb-be39-e237d3e4dc48', 'Primary', 'HealthEvaluation-46', 'Reason Code...', 'Reason reference ...', 'Diagnosis-46', 'SNOWMED Code', '781bdb23-96ef-4a24-89bb-cc11201ad8e6', 'Active', '781bdb23-96ef-4a24-89bb-cc11201ad8e6', '2023-08-07 16:02:31.691', '2023-08-07 17:02:31.691', '2023-08-07 17:02:31.691');
insert into ENCOUNTER (id, encounter_type, language , notes, history, patient_id, practitioner_id, participant_mode, care_episode, reason_code, reason_reference, diagnosis, procedure_code, location_id, status, service_provider_id, enc_start_time, enc_end_time, last_updatedtime) values                        ('86755c77-f438-4122-a2ec-cf54137e8e1d', 'Treatment', 'English', 'Notes notes notes ... for 47', 'History-47', '7990b3a6-93a3-47d8-ba63-810c9a704f19', '4d8d6470-2fc5-4c6b-9ca3-2e62da145b40', 'Primary', 'HealthEvaluation-47', 'Reason Code...', 'Reason reference ...', 'Diagnosis-47', 'SNOWMED Code', 'fa223ff9-6597-4743-bd51-6045663696f4', 'Active', 'fa223ff9-6597-4743-bd51-6045663696f4', '2023-08-07 16:02:31.691', '2023-08-07 17:02:31.691', '2023-08-07 17:02:31.691');
insert into ENCOUNTER (id, encounter_type, language , notes, history, patient_id, practitioner_id, participant_mode, care_episode, reason_code, reason_reference, diagnosis, procedure_code, location_id, status, service_provider_id, enc_start_time, enc_end_time, last_updatedtime) values                        ('075f691c-e5f8-4af8-8bf5-ded34fe42d77', 'Treatment', 'English', 'Notes notes notes ... for 48', 'History-48', 'f9683d47-3ef9-40a0-ba45-8405fbd3fe04', '17620460-3ec5-4c2c-bd33-52d546679903', 'Primary', 'HealthEvaluation-48', 'Reason Code...', 'Reason reference ...', 'Diagnosis-48', 'SNOWMED Code', '781bdb23-96ef-4a24-89bb-cc11201ad8e6', 'Active', '781bdb23-96ef-4a24-89bb-cc11201ad8e6', '2023-08-07 16:02:31.691', '2023-08-07 17:02:31.691', '2023-08-07 17:02:31.691');
insert into ENCOUNTER (id, encounter_type, language , notes, history, patient_id, practitioner_id, participant_mode, care_episode, reason_code, reason_reference, diagnosis, procedure_code, location_id, status, service_provider_id, enc_start_time, enc_end_time, last_updatedtime) values                        ('f5d38c77-3416-4140-9cc5-9498643a8555', 'Treatment', 'English', 'Notes notes notes ... for 49', 'History-49', '7990b3a6-93a3-47d8-ba63-810c9a704f19', '162343b7-e0d6-4acb-be39-e237d3e4dc48', 'Primary', 'HealthEvaluation-49', 'Reason Code...', 'Reason reference ...', 'Diagnosis-49', 'SNOWMED Code', 'fa223ff9-6597-4743-bd51-6045663696f4', 'Active', 'fa223ff9-6597-4743-bd51-6045663696f4', '2023-08-07 16:02:31.691', '2023-08-07 17:02:31.691', '2023-08-07 17:02:31.691');
